flowBytesPerSecond,flowPktsPerSecond,mean_flowiat,std_flowiat,mean_active,mean_idle,Status
10.4275907098,0.2005305906,7480155.5,10500000.0,15000000.0,14900000.0,0
4081.1521406428,78.4836950124,25483.0,0.0,0.0,0.0,0
357389.420921145,327.1264386223,3057.2337821298,13085.3306811291,0.0,0.0,0
4133.8739168455,79.497575324,25158.0,0.0,0.0,0.0,0
0.0,0.0,0.0,0.0,0.0,0.0,0
224818.642969348,55.5405906372,18015.6636636637,46507.4984461554,0.0,0.0,0
209000000.0,76923.0769230769,26.0,0.0,0.0,0.0,0
271596.326990462,73.2567073536,13656.8745995423,28114.9717476014,0.0,0.0,0
321713.792997405,156.054469885,6411.0559241706,197321.028414394,6746481.0,6404729.5,0
510454.721074498,267.6024708321,3737.8748677249,95799.4096839693,4002137.33333333,3391428.33333333,0
781.9821067111,2.9911883863,360031.846153846,649741.471460938,2340174.5,1676027.0,0
224080.530068072,92.5261578742,10809.7043117445,185619.623830872,3989524.53333333,3558642.46666667,0
61.8166329157,0.5013514429,2216232.0,6618821.51364473,19900000.0,19900000.0,0
34.7674807717,0.6686053995,2991301.0,0.0,2991301.0,2991301.0,0
251632.207506506,67.8125836394,14761.0541871921,19487.990526637,0.0,0.0,0
0.0,0.0,0.0,0.0,0.0,0.0,0
67.5988373,1.2999776404,1538488.0,0.0,1538488.0,1538488.0,0
290540.01237138,142.852297669,7004.1968325792,150222.574397474,4002649.66666667,3646140.0,0
344691.087400992,100.3977970466,9967.0093209055,17207.4530287534,0.0,0.0,0
66.8568916035,0.5422294534,2049153.0,6117822.3304878,18400000.0,18400000.0,0
453688.32586405,229.2512622637,4363.5078125,103625.265454456,4070986.0,3241172.66666667,0
127357.519778058,255.2007441983,3982.7213114754,10143.0748011162,0.0,0.0,0
218542.191856035,102.522013745,9757.3091525424,154040.340175395,4058856.28571429,3108450.0,0
9928315.9144354,5365.3034499977,186.4170345843,742.6979078063,0.0,0.0,0
0.0,0.0,0.0,0.0,0.0,0.0,0
11665.25154608,4.8817974319,205532.28956229,2748664.34167594,30500000.0,30000000.0,0
140574.120555988,47.2418468279,21182.6332155477,37673.6530813617,0.0,0.0,0
272420.266066701,64.5411040823,15510.0248190279,18119.9972186344,0.0,0.0,0
10.4353151937,0.2006791383,7474618.5,10500000.0,14900000.0,14900000.0,0
1536650.50470704,668.7592207508,1495.4559264441,6881.6327635061,0.0,0.0,0
11800000.0,6021.222423655,166.1069402736,5460.2108325565,0.0,0.0,0
235328.871580734,100.9176799866,9912.5348267413,174627.454929133,4002671.71428571,3527840.14285714,0
154655.794929187,146.5552846503,7505.7,15382.5405685941,0.0,0.0,0
14.7195862211,0.2830689658,7065416.0,0.0,7065416.0,7065416.0,0
11099.7737842017,6.8380246885,146954.434146341,2097673.7178995,30100000.0,30000000.0,0
0.0,0.0,0.0,0.0,0.0,0.0,0
93350.611381936,49.0096708675,20407.7603907638,634268.636680371,16400000.0,16300000.0,0
6939.023332466,173.4755833116,11529.0,0.0,0.0,0.0,0
103342.573615492,96.3588274612,10381.4710772428,113348.53018349,4856648.66666667,2124396.0,0
6747.3414008068,146.6813348001,13635.0,0.0,0.0,0.0,0
333483.030413746,79.2553231267,12628.0876897133,36191.0308610861,0.0,0.0,0
254881.397783437,120.5798567803,8294.4728523343,162367.640249563,4016497.57142857,3586097.07142857,0
7815394.22756555,4191.2124107875,238.6282596372,7228.3665674802,0.0,0.0,0
67.5991448708,1.2999835552,1538481.0,0.0,1538481.0,1538481.0,0
485892.644720362,232.1680203899,4308.6859952526,105948.659530991,4002848.0,3316246.66666667,0
175473.869388623,160.6219431287,6226.446859401,189384.136733689,29800000.0,9753420.0,0
203302.455680558,74.2934867149,13473.0229885057,298203.459563146,7015499.0,6813800.0,0
37462.1178110454,19.5239251448,51266.5901942646,1079562.21958031,18500000.0,18100000.0,0
617000000.0,181818.181818182,11.0,0.0,0.0,0.0,0
11800000.0,6021.222423655,166.1069402736,5460.2108325565,0.0,0.0,0
1386399.63932515,658.2810312237,1519.2664511419,6977.9388811092,0.0,0.0,0
153486.158483382,145.4218555829,7564.2,15355.8723135845,0.0,0.0,0
7428571.42857143,142857.142857143,14.0,0.0,0.0,0.0,0
61.5508170135,0.4991955962,2225803.11111111,6645976.13316866,20000000.0,19900000.0,0
323.2827393858,0.9218058654,1152628.8125,4563214.07074978,18400000.0,18300000.0,0
20.1485932924,0.3874729479,3871238.0,5414770.58609882,7742476.0,7700059.0,0
14900000.0,285714.285714286,7.0,0.0,0.0,0.0,0
245066.282004529,222.8270520009,4488.1212030525,21682.6404219594,19100000.0,1130359.0,0
10.4465512251,0.2008952159,7466579.0,10500000.0,14900000.0,14900000.0,0
1665199.24760184,854.3786320525,1170.5327548468,6422.1693097345,0.0,0.0,0
0.0,0.0,0.0,0.0,0.0,0.0,0
323740.280007923,68.2766916269,14660.6317335945,25490.503742023,0.0,0.0,0
0.0,0.0,0.0,0.0,0.0,0.0,0
151314.568457851,59.3614481828,16868.653638814,234628.900813845,3934513.0,3692410.66666667,0
67.5988373,1.2999776404,1538488.0,0.0,1538488.0,1538488.0,0
322290.126283559,146.1239879824,6845.1370255431,144366.762477965,4004634.28571429,3490595.57142857,0
37462.1178110454,19.5239251448,51266.5901942646,1079562.21958031,18500000.0,18100000.0,0
384694.973486957,157.4475502848,6354.5635528331,134440.557975605,4005128.66666667,3401678.0,0
390007.233457512,202.2715361947,4945.779773526,106928.192702763,4005817.0,3030612.33333333,0
7428571.42857143,142857.142857143,14.0,0.0,0.0,0.0,0
33.1780240254,0.6380389236,3134605.0,0.0,3134605.0,3134605.0,0
124000000.0,45454.5454545455,44.0,0.0,0.0,0.0,0
227343.750286594,65.9645587566,15167.3237228123,23723.5994211641,0.0,0.0,0
66.8492723487,0.542167659,2049386.55555556,6118019.80361419,18400000.0,18400000.0,0
2260869.56521739,43478.2608695652,46.0,0.0,0.0,0.0,0
115002.374176377,107.9108655564,9268.3818615752,266583.132109612,15100000.0,14300000.0,0
121560.682131733,107.4542377221,9312.4503311258,78536.2538392592,3689832.0,1562450.66666667,0
12144.1831683168,154.702970297,8618.6666666667,14906.3203317698,0.0,0.0,0
305808.800866602,76.7700857324,13037.2339130435,37277.5327132351,0.0,0.0,0
14900000.0,285714.285714286,7.0,0.0,0.0,0.0,0
11100000.0,5862.5622897243,170.5897938241,4472.5365038585,0.0,0.0,0
0.0,0.0,0.0,0.0,0.0,0.0,0
5200000.0,100000.0,20.0,0.0,0.0,0.0,0
538631.136479921,251.5477041363,3975.9365188653,106838.042346572,4070679.42857143,3402846.0,0
210966.998291388,185.9992429961,5377.3301649928,15302.1501717847,0.0,0.0,0
1516563.21905988,711.7544739448,1405.044688027,7087.7543450253,0.0,0.0,0
3138609.03171371,1643.5679864597,608.5486150907,22630.9033827222,1912703.0,1350840.0,0
315507.75329019,150.4757221297,6648.7503566334,116041.32364296,4003467.33333333,3062980.66666667,0
10.4765915672,0.2014729148,7445169.5,10500000.0,14900000.0,14900000.0,0
10.4269348581,0.200517978,7480626.0,10500000.0,15000000.0,14900000.0,0
4171.8480484576,80.2278470857,24929.0,0.0,0.0,0.0,0
1312.9876360331,25.2497622314,59406.5,30971.9841066083,0.0,0.0,0
270557.49301008,75.0183341071,13341.9447907391,22913.1987939896,0.0,0.0,0
374280.197811799,86.1675131135,11614.2912470953,14671.8215306063,0.0,0.0,0
66.8566885942,0.5422278069,2049159.22222222,6117790.20289543,18400000.0,18400000.0,0
10.3972128538,0.199946401,7502010.5,10600000.0,15000000.0,15000000.0,0
4.5741885055,0.0763956327,15000000.0,21200000.0,34900000.0,34900000.0,0
4.1400409179,0.0796161715,18800000.0,26600000.0,37700000.0,37700000.0,0
204462.041497295,89.6729495943,11161.7452402539,194842.478992759,4004164.33333333,3700299.33333333,0
7428571.42857143,142857.142857143,14.0,0.0,0.0,0.0,0
470502.171597378,390.3399515825,2562.0883458647,10165.3984275891,0.0,0.0,0
0.0,0.0,0.0,0.0,0.0,0.0,0
403457.991124586,96.818077561,10335.7925311203,17052.6832530615,0.0,0.0,0
513000000.0,250000.0,8.0,0.0,0.0,0.0,0
408037.134409818,199.7347654892,5008.6185770751,103523.05059358,4004695.66666667,2990554.33333333,0
25.2221366933,0.4850410903,4123362.0,0.0,4123362.0,4123362.0,0
149920.270853051,80.5945792163,12413.6936636494,523725.430507516,13000000.0,12900000.0,0
2734317.127088,1156.5432532537,865.6417050691,20338.513192282,0.0,0.0,0
248363.591859013,70.8736734381,14122.9602649007,30747.6976020793,0.0,0.0,0
7815394.22756555,4191.2124107875,238.6282596372,7228.3665674802,0.0,0.0,0
346778.031213027,173.9831838708,5750.2117077465,111738.547678849,4004889.33333333,3056150.0,0
235527.113536857,56.7642834047,17637.4858490566,44892.9537697023,0.0,0.0,0
110514.437727639,102.3519157113,9771.184603143,215491.849858074,10700000.0,4859693.44444444,0
4.6143107301,0.0887367448,15000000.0,26000000.0,45100000.0,45000000.0,0
565000000.0,166666.666666667,12.0,0.0,0.0,0.0,0
6627.0047729998,17.191847445,61398.6111111111,161680.959061407,0.0,0.0,0
255732.923029357,131.1987130577,7623.987390633,200897.033478492,4934137.0,4697046.66666667,0
1809077.65251173,1070.576908006,935.2984293194,14169.6313614253,0.0,0.0,0
504094.107896095,266.6325053492,3751.5748468048,89636.8612903475,4003068.0,2961799.33333333,0
209000000.0,76923.0769230769,26.0,0.0,0.0,0.0,0
122.9141479069,0.9968706237,1114599.11111111,3312382.46007213,10000000.0,9947500.0,0
287454.197455413,135.2049610279,7400.7130594727,151356.932598506,3935470.0,3527609.66666667,0
429141.94356331,84.0084112587,11913.0397772474,20604.0333746418,0.0,0.0,0
6762.0588885914,18.6282614011,61350.7142857143,90091.0383246012,0.0,0.0,0
11211.4848103521,8.7723171887,114426.765151515,1852002.76446533,30200000.0,30100000.0,0
783064.982884147,183.7438145696,5444.336238199,33239.6441562221,4073924.0,1007683.0,0
1909.3742821363,3.5405064132,300098.3125,595260.042378255,2400754.0,1676027.0,0
2073668.97828531,939.1750739743,1064.8399231973,6242.7722526498,0.0,0.0,0
7113.0354105459,154.6312045771,12934.0,0.0,0.0,0.0,0
34700000.0,666666.666666667,3.0,0.0,0.0,0.0,0
279199.659742034,117.4277662009,8518.0773809524,157766.782744856,4062665.375,3445129.75,0
2592899.68468995,1401.3780217214,717.5698324022,2648.8762837712,0.0,0.0,0
6.2854060063,0.1005664961,11900000.0,19500000.0,29800000.0,29800000.0,0
226515.335241471,207.0018938163,4831.6602084012,26474.9449438025,22000000.0,1015179.0,0
595907.928388747,7672.6342710998,195.5,236.8786609216,0.0,0.0,0
0.0,0.0,0.0,0.0,0.0,0.0,0
313853.199837063,156.7315206615,6381.7397802198,123728.622255627,4004970.85714286,3140139.14285714,0
10.4275907098,0.2005305906,7480155.5,10500000.0,15000000.0,14900000.0,0
0.0,0.0,0.0,0.0,0.0,0.0,0
6471358.00216363,2619.8141365692,382.6583541147,2435.1530389251,0.0,0.0,0
211801.35739295,199.8825393977,5003.7734557596,22856.866073744,0.0,0.0,0
256431.254590465,70.045249231,14290.0953288847,19798.4660417991,0.0,0.0,0
0.0,0.0,0.0,0.0,0.0,0.0,0
34700000.0,666666.666666667,3.0,0.0,0.0,0.0,0
152421.091329237,144.4251877527,7616.4,15335.7033291597,0.0,0.0,0
4126.492877832,79.355632266,25203.0,0.0,0.0,0.0,0
0.0,0.0,0.0,0.0,0.0,0.0,0
61.8164872543,0.5013502616,2216237.22222222,6618845.25013877,19900000.0,19900000.0,0
159000000.0,222222.222222222,9.0,0.0,0.0,0.0,0
61.5508170135,0.4991955962,2225803.11111111,6645976.13316866,20000000.0,19900000.0,0
13.6681270973,0.262848598,7608943.0,0.0,7608943.0,7608943.0,0
66.8579030434,0.5422376565,2049122.0,6116819.94621659,18400000.0,18400000.0,0
6.1486098304,0.1182424967,11300000.0,13300000.0,16900000.0,16900000.0,0
11099.7737842017,6.8380246885,146954.434146341,2097673.7178995,30100000.0,30000000.0,0
4141.1165087202,79.6368559369,25114.0,0.0,0.0,0.0,0
6997.7941735757,152.1259602951,13147.0,0.0,0.0,0.0,0
251757.843083521,63.6498320815,15715.095,42070.7992870676,0.0,0.0,0
248182.261074811,71.6643393785,13967.1180358829,29002.4058899553,0.0,0.0,0
0.0,0.0,0.0,0.0,0.0,0.0,0
66.8568916035,0.5422294534,2049153.0,6117822.3304878,18400000.0,18400000.0,0
61.8167537842,0.5013524232,2216227.66666667,6618849.42909839,19900000.0,19900000.0,0
495.0278239305,1.1926496805,852443.666666667,4000329.6382832,12600000.0,11700000.0,0
713.3646116278,13.7185502236,145788.0,0.0,0.0,0.0,0
152883.452321586,47.4072722756,21123.5197183099,36579.8157358633,0.0,0.0,0
0.0,0.0,0.0,0.0,0.0,0.0,0
228547.39747769,207.3629959271,4823.2715509998,15936.2739949161,0.0,0.0,0
122562.825409591,110.6993234868,9036.3714377202,71196.7369112773,6434781.5,1674675.0,0
108041.687699109,97.9819530205,10213.9096573209,111253.4972489,4010578.33333333,2226123.0,0
10.4429658425,0.2008262662,7469142.5,10500000.0,14900000.0,14900000.0,0
1129790.37969136,478.6241597148,2089.395386398,53668.716882177,8463416.71428571,3311664.71428571,0
14.7195862211,0.2830689658,7065416.0,0.0,7065416.0,7065416.0,0
0.0,0.0,0.0,0.0,0.0,0.0,0
256.754146657,2.1331537864,515668.4,1599442.41425725,5156669.0,5067536.0,0
185148.618413836,178.5819065915,5680.8260869565,24633.1419250907,0.0,0.0,0
256251.991266148,68.930370307,14521.4645974782,27766.5755435731,0.0,0.0,0
7815394.22756555,4191.2124107875,238.6282596372,7228.3665674802,0.0,0.0,0
1486754.83420566,814.4655373269,1227.8995497339,80920.4778356344,8937583.0,8874232.0,0
0.0,0.0,0.0,0.0,0.0,0.0,0
71000000.0,51282.0512820513,39.0,0.0,0.0,0.0,0
536530.360472608,432.9628902666,2310.0224857539,10199.6447470824,0.0,0.0,0
15254.9684944974,25.5805046135,40178.1666666667,54784.9202494889,0.0,0.0,0
4811.6961228833,92.5326177478,21614.0,0.0,0.0,0.0,0
299691.325527526,145.1242897529,6896.1799196787,237888.167493638,8536643.0,8393880.0,0
31164.2347833694,31.9840647341,31369.4418604651,340956.399844004,4333259.0,4174814.0,0
3138609.03171371,1643.5679864597,608.5486150907,22630.9033827222,1912703.0,1350840.0,0
197065.93107969,177.7044461553,5627.587245308,154301.083382021,28700000.0,10400000.0,0
74484.154076359,180.4089978103,5653.82,15755.3751374584,0.0,0.0,0
4068.0618032466,78.2319577547,25565.0,0.0,0.0,0.0,0
761280.084732455,692.0119430406,1445.2010214898,6375.1656094085,0.0,0.0,0
11211.4848103521,8.7723171887,114426.765151515,1852002.76446533,30200000.0,30100000.0,0
6323287.60576364,4686.5659861177,213.3923356254,3288.2764862136,0.0,0.0,0
0.0,0.0,0.0,0.0,0.0,0.0,0
136443.358695853,44.6577253829,22400.9069854315,38909.1306104339,0.0,0.0,0
67725.1565952014,33.0703748112,30247.2262417456,885280.286330188,26300000.0,26000000.0,0
1052631.57894737,26315.7894736842,76.0,0.0,0.0,0.0,0
2924107.59122088,1619.0689873322,617.6452652276,30347.1777656419,9001913.16666667,2458593.33333333,0
269217.171049312,71.087408564,14068.8389442815,32891.9559358355,0.0,0.0,0
486797.106569877,231.0883600825,4328.8407445708,106890.19084139,4002683.0,3317170.66666667,0
280010.649242315,253.4930488485,3945.9194736842,11488.1097157613,0.0,0.0,0
4061.2308653546,78.1005935645,25608.0,0.0,0.0,0.0,0
34700000.0,666666.666666667,3.0,0.0,0.0,0.0,0
343564.860978383,158.2738057419,6321.4016393443,137716.658184543,4001887.66666667,3512157.33333333,0
0.0,0.0,0.0,0.0,0.0,0.0,0
565000000.0,166666.666666667,12.0,0.0,0.0,0.0,0
291500.403821307,273.0839504633,3662.7724828935,12257.8887875436,0.0,0.0,0
0.0,0.0,0.0,0.0,0.0,0.0,0
399903.925875438,203.4527211376,4915.5662599198,107857.563740645,4003894.14285714,3076767.85714286,0
437872.66717858,340.5335024872,2995.3,9830.2527875608,0.0,0.0,0
391450.980368612,76.4509698616,13085.9882147534,19624.5414933525,0.0,0.0,0
1962264.1509434,37735.8490566038,53.0,0.0,0.0,0.0,0
250288.074449381,225.8228419805,4429.5605208642,13524.5180797007,0.0,0.0,0
706020.54868788,364.680568884,2742.6805583654,66214.2068065651,4002022.33333333,2628367.0,0
4000000.0,76923.0769230769,26.0,0.0,0.0,0.0,0
505.6054138672,9.7231810359,205694.0,0.0,0.0,0.0,0
3937301.88745811,1984.6180984301,503.8931949086,19137.430272545,4683707.0,1564689.0,0
283799.158647208,123.3340867964,8110.6979166667,151191.920255986,4083922.66666667,3392028.5,0
122177.299999197,64.4012836509,15537.1320293399,621975.309763705,25300000.0,25200000.0,0
179887.918590265,68.618282665,14580.7844433147,229142.808453269,4069815.42857143,3839306.71428571,0
66.8492723487,0.542167659,2049386.55555556,6118019.80361419,18400000.0,18400000.0,0
4.1400409179,0.0796161715,18800000.0,26600000.0,37700000.0,37700000.0,0
30131.76481222,51.9909120621,19302.3368794326,199518.321562661,5331046.0,3292353.0,0
1312.9876360331,25.2497622314,59406.5,30971.9841066083,0.0,0.0,0
0.0,0.0,0.0,0.0,0.0,0.0,0
713.3646116278,13.7185502236,145788.0,0.0,0.0,0.0,0
685.7432509235,1.4136758917,718603.904761905,5669370.63338689,45200000.0,45000000.0,0
287769.784172662,7194.2446043166,278.0,0.0,0.0,0.0,0
505.5734612823,9.7225665631,205707.0,0.0,0.0,0.0,0
259326.229612204,108.913838484,9188.4939668175,174400.845738118,4005359.0,3649460.66666667,0
12.9411846268,0.2310925826,5769693.33333333,9972382.27662648,17300000.0,17300000.0,0
384911.466763949,357.3323775983,2799.0379368342,11696.7977863765,0.0,0.0,0
33.1778546753,0.6380356668,3134621.0,0.0,3134621.0,3134621.0,0
31800000.0,44444.4444444444,45.0,0.0,0.0,0.0,0
309034.578324488,280.8897702094,3560.9610451307,11724.4869327899,0.0,0.0,0
256.754146657,2.1331537864,515668.4,1599442.41425725,5156669.0,5067536.0,0
263395.874528957,239.8948504818,4169.0725806452,13247.5856578922,0.0,0.0,0
66.8562245775,0.5422240436,2049173.44444444,6117761.14180831,18400000.0,18400000.0,0
33.1777594166,0.6380338349,3134630.0,0.0,3134630.0,3134630.0,0
3138609.03171371,1643.5679864597,608.5486150907,22630.9033827222,1912703.0,1350840.0,0
10.4012606328,0.2000242429,7499091.0,10500000.0,15000000.0,15000000.0,0
337501.001764572,305.6548726696,3271.7530675683,14944.7034667202,49100000.0,1130359.0,0
444837.291166244,82.5284888343,12121.9256265158,18119.0907134429,0.0,0.0,0
16106.4417907247,22.8077922085,43912.2218798151,492915.323636264,5291725.0,4643046.0,0
10.4269348581,0.200517978,7480626.0,10500000.0,15000000.0,14900000.0,0
1809077.65251173,1070.576908006,935.2984293194,14169.6313614253,0.0,0.0,0
513000000.0,250000.0,8.0,0.0,0.0,0.0,0
6323287.60576364,4686.5659861177,213.3923356254,3288.2764862136,0.0,0.0,0
0.0,0.0,0.0,0.0,0.0,0.0,0
698944.309715075,200.502351806,4990.0703125,9856.84585952,0.0,0.0,0
6747.3414008068,146.6813348001,13635.0,0.0,0.0,0.0,0
130.9020789516,2.5173476721,794487.0,0.0,0.0,0.0,0
437872.66717858,340.5335024872,2995.3,9830.2527875608,0.0,0.0,0
505.5734612823,9.7225665631,205707.0,0.0,0.0,0.0,0
3456.9205732216,6.8784245773,146945.376344086,362924.820223873,3271034.75,1726371.25,0
4061.0722792768,78.0975438322,25609.0,0.0,0.0,0.0,0
4772311.56088507,2901.5811403002,344.8685258964,5972.1314148739,0.0,0.0,0
87034.9872635882,80.88939389,12367.6581443299,376433.393088303,14800000.0,9753420.0,0
426243.818777227,81.9637295318,12205.4861563518,15119.5193197838,0.0,0.0,0
61.5523932923,0.4992083803,2225746.11111111,6645718.83074299,20000000.0,19900000.0,0
137414.844983664,37.8824295456,26420.7198237885,87488.852004711,2138941.0,1495474.5,0
13.6681270973,0.262848598,7608943.0,0.0,7608943.0,7608943.0,0
284315.785677939,263.3032710705,3798.1424048629,17475.3887502032,0.0,0.0,0
264913.716524071,122.1320456297,8189.0573602575,138200.913372752,3933486.35714286,3008230.07142857,0
350251.608751864,150.7628050138,6636.4304531085,126434.694848273,4003691.66666667,3178136.33333333,0
13166.2235726041,253.1966071655,7899.0,0.0,0.0,0.0,0
247395.155632833,111.2503174959,8990.139161602,162393.907143994,3960614.71428571,3454397.5,0
309113.548635164,133.3828505354,7499.1834645669,140597.540802367,4002671.0,3273514.42857143,0
216480.148226221,53.6344879777,18667.9675810474,47087.3239092171,0.0,0.0,0
10.4353151937,0.2006791383,7474618.5,10500000.0,14900000.0,14900000.0,0
59545.4595202869,22.1877521618,45272.9279279279,224629.285668188,5025295.0,2006656.0,0
1066.8315657051,1.4545637027,709668.516129032,3936618.6510576,21900000.0,21900000.0,0
254223.8629441,68.1769636607,14674.8869863014,32782.1833070323,0.0,0.0,0
61.5523932923,0.4992083803,2225746.11111111,6645718.83074299,20000000.0,19900000.0,0
16848.027225113,17.6871919331,56702.9212827988,619732.804852432,6435039.33333333,6070848.0,0
273931.619245984,75.1987397052,13301.0470588235,25399.0404891556,0.0,0.0,0
216487.049877152,55.5687671661,18006.5222088836,46133.6753042882,0.0,0.0,0
6939.023332466,173.4755833116,11529.0,0.0,0.0,0.0,0
127473.818511687,42.6064903887,23507.3902821317,40824.0367262486,0.0,0.0,0
439010.990087405,218.9224578031,4568.1956784649,106832.843675842,3987867.5,3139105.42857143,0
137096.605662541,46.1354977536,21690.9790007241,41363.7755102793,0.0,0.0,0
16848.027225113,17.6871919331,56702.9212827988,619732.804852432,6435039.33333333,6070848.0,0
217319.091414806,55.1226073196,18163.6090686275,47669.5198633423,0.0,0.0,0
7113.0354105459,154.6312045771,12934.0,0.0,0.0,0.0,0
22800000.0,13562.6366041643,73.7945670628,485.1897256857,0.0,0.0,0
128259.661472202,90.3049528793,11217.4025974026,30031.8521208644,0.0,0.0,0
256915.265054473,66.8694547783,14969.5407035176,37872.7173488571,0.0,0.0,0
29400000.0,13031.2213686659,76.7491548343,1181.876070981,0.0,0.0,0
66.8566885942,0.5422278069,2049159.22222222,6117790.20289543,18400000.0,18400000.0,0
160036.237331577,145.4672837377,6876.1877115335,172426.891383643,12500000.0,6796590.5,0
66.8566885942,0.5422278069,2049159.22222222,6117790.20289543,18400000.0,18400000.0,0
61.8163632877,0.5013492562,2216241.66666667,6618858.37858595,19900000.0,19900000.0,0
310623.948393244,147.1594523139,6796.9634377968,113091.832083784,4004710.0,2746775.71428571,0
713.3890782876,13.7190207363,145783.0,0.0,0.0,0.0,0
204894.166704804,91.8466513529,10889.7993868557,173845.598434664,4015600.5,3332478.14285714,0
170874.628771422,149.993422785,6667.9753048781,117400.719530978,43300000.0,9393312.0,0
304183.802393062,123.6249657339,8094.2817824378,160380.451704584,4004856.33333333,3595580.0,0
16106.4417907247,22.8077922085,43912.2218798151,492915.323636264,5291725.0,4643046.0,0
10.4036822099,0.2000708117,7497345.5,10600000.0,15000000.0,15000000.0,0
0.0,0.0,0.0,0.0,0.0,0.0,0
389728.393645658,338.4034386511,2955.3439101301,11819.626173318,0.0,0.0,0
2053887.12258156,852.4647814222,1173.1608583288,5985.2687377415,0.0,0.0,0
0.0,0.0,0.0,0.0,0.0,0.0,0
66.8579030434,0.5422376565,2049122.0,6116819.94621659,18400000.0,18400000.0,0
4061.0722792768,78.0975438322,25609.0,0.0,0.0,0.0,0
198028.162773106,97.9764314986,10213.8685344828,264799.703882811,7016886.5,6988493.5,0
354987.880348134,73.6620658464,13578.581258488,18676.0887212016,0.0,0.0,0
10.4012606328,0.2000242429,7499091.0,10500000.0,15000000.0,15000000.0,0
7113.0354105459,154.6312045771,12934.0,0.0,0.0,0.0,0
28.227012491,0.5428271633,2763310.5,3851424.66803954,5526621.0,5486679.0,0
82981.3562261799,33.0470943921,30291.0743034056,939819.36884479,29300000.0,29300000.0,0
14200000.0,6329.2947873852,157.9986414944,4816.6876121896,0.0,0.0,0
159000000.0,222222.222222222,9.0,0.0,0.0,0.0,0
505.5734612823,9.7225665631,205707.0,0.0,0.0,0.0,0
595302.829847963,512.0656898344,1953.1293564809,9456.6404849499,0.0,0.0,0
66.8568916035,0.5422294534,2049153.0,6117822.3304878,18400000.0,18400000.0,0
458790.400435769,342.8763189187,2937.3357142857,24062.1144875737,0.0,0.0,0
20.1485932924,0.3874729479,3871238.0,5414770.58609882,7742476.0,7700059.0,0
594798.331690933,178.8312868272,5593.9499813363,22277.5944708719,0.0,0.0,0
67.4239762253,1.2966149274,1542478.0,0.0,1542478.0,1542478.0,0
122.9177748872,0.9969000396,1114566.22222222,3312667.71050268,10000000.0,9948231.0,0
13500000.0,6398.5930923407,156.2938219261,3971.3761821897,0.0,0.0,0
4064.7228953334,78.1677479872,25586.0,0.0,0.0,0.0,0
0.0,0.0,0.0,0.0,0.0,0.0,0
61.5523932923,0.4992083803,2225746.11111111,6645718.83074299,20000000.0,19900000.0,0
707144.383590991,203.1718422123,4924.520167627,9770.6635757463,0.0,0.0,0
61.5525684394,0.4992098008,2225739.77777778,6645759.37887096,20000000.0,19900000.0,0
0.0,0.0,0.0,0.0,0.0,0.0,0
232109.123235915,291.6990776753,3511.8048780488,11334.6219802857,0.0,0.0,0
241385.013709763,227.5886775869,4395.1817381092,22512.1134009502,0.0,0.0,0
0.0,0.0,0.0,0.0,0.0,0.0,0
7815394.22756555,4191.2124107875,238.6282596372,7228.3665674802,0.0,0.0,0
27823.5511479961,119.8430056626,8707.0434782609,16592.4062394882,0.0,0.0,0
33.1777594166,0.6380338349,3134630.0,0.0,3134630.0,3134630.0,0
244421.016789334,66.8841883908,14966.168,21362.8817461333,0.0,0.0,0
1066609.18714375,522.5846625473,1915.3211009174,59804.5301201446,1997619.0,1974454.0,0
467051.257326927,109.4378125882,9139.0018284321,26438.0410963739,4073924.0,1007683.0,0
274692.559207077,238.2957965723,4196.7590167379,46325.2966251964,7439520.375,1665771.0,0
12144.1831683168,154.702970297,8618.6666666667,14906.3203317698,0.0,0.0,0
4061.2308653546,78.1005935645,25608.0,0.0,0.0,0.0,0
681078.492269199,294.4876622628,3395.8241540422,88456.3524881388,5430834.68181818,3505742.68181818,0
29400000.0,13031.2213686659,76.7491548343,1181.876070981,0.0,0.0,0
247978.642105088,68.3452637199,14645.8944281525,29700.218819583,0.0,0.0,0
294741.139191269,142.3568030913,7026.1252709146,132120.674056259,3942022.0,3100648.375,0
450475.057392295,167.5687450777,6173.4827586207,26387.7539226068,0.0,0.0,0
56431.1501026221,46.5350948091,22069.9459459459,60106.9365762416,0.0,0.0,0
0.0,0.0,0.0,0.0,0.0,0.0,0
468071.142027031,411.9031063615,2428.1484539421,8940.9618703876,0.0,0.0,0
320774.948146637,293.2876858911,3410.0094436227,11825.9243154037,0.0,0.0,0
315793.724313629,280.2560515719,3569.0184034417,11342.0994859788,0.0,0.0,0
6332308.21105504,2377.7410878311,421.0820073439,5654.1543178126,0.0,0.0,0
159000000.0,222222.222222222,9.0,0.0,0.0,0.0,0
66.857768908,0.5422365686,2049126.11111111,6117524.02012652,18400000.0,18400000.0,0
209000000.0,76923.0769230769,26.0,0.0,0.0,0.0,0
0.0,0.0,0.0,0.0,0.0,0.0,0
6762.0588885914,18.6282614011,61350.7142857143,90091.0383246012,0.0,0.0,0
303182.069129327,275.1060703084,3635.8453683443,12304.7189893065,0.0,0.0,0
234468.318690548,217.4257373948,4601.1934809862,24588.2495921363,10600000.0,1005454.0,0
4.1400409179,0.0796161715,18800000.0,26600000.0,37700000.0,37700000.0,0
130000000.0,181818.181818182,11.0,0.0,0.0,0.0,0
129421.100044051,43.7243391543,22880.0078512397,77868.9451333999,27700000.0,2006656.0,0
2876543.20987654,37037.037037037,40.5,47.3655993312,0.0,0.0,0
239717.28517716,61.3964218646,16305.3366013072,28884.4882522869,0.0,0.0,0
464099.821799309,250.2971543405,3996.4252130473,91866.5064977606,4002830.0,3076466.0,0
390602.602581523,166.6357963683,6003.9856321839,125048.647369415,4005394.0,3293134.0,0
411309.209100217,244.1169304468,4099.0217809097,153000.572494673,6149711.0,6045062.0,0
856.0132595681,1.545999605,676232.090909091,2887865.09140377,14000000.0,13600000.0,0
0.0,0.0,0.0,0.0,0.0,0.0,0
293775.809801692,129.9270825017,7698.2763948498,148483.054877048,3981820.66666667,3373029.88888889,0
287802.246263453,81.0308566704,12351.1516900247,20981.7544673688,0.0,0.0,0
4376.1573512308,6.3332366787,159270.165217391,1265691.89725572,14000000.0,13600000.0,0
30131.76481222,51.9909120621,19302.3368794326,199518.321562661,5331046.0,3292353.0,0
341423.234755415,314.6705769934,3178.6990763248,10502.0710825168,0.0,0.0,0
232613.203242538,98.7985520953,10123.4246181491,178835.05016232,3988269.85714286,3566199.28571429,0
456720.347551015,90.6226889005,11038.8255428782,14706.235067813,0.0,0.0,0
8556.1679729295,4.3218510395,233176.0,2645837.29579086,30100000.0,30100000.0,0
136250.083329346,66.4455578797,15054.4035192365,601690.83192429,25000000.0,24600000.0,0
67267.103340597,22.1102415307,45364.9636363636,143367.135684715,2138941.0,1495474.5,0
350366.51235494,163.4651343991,6120.5083251714,123633.553375884,4004660.33333333,3181501.66666667,0
121295.603980728,41.19530946,24297.9942196532,108792.151314577,12600000.0,2006656.0,0
495.8260032133,9.5351154464,209751.0,0.0,0.0,0.0,0
1686898.74365312,813.7065444978,1229.0451411688,5962.6516452317,0.0,0.0,0
0.0,0.0,0.0,0.0,0.0,0.0,0
4068.0618032466,78.2319577547,25565.0,0.0,0.0,0.0,0
448343.176994751,204.290692716,4899.6878001921,153641.384425184,4996492.0,4957249.0,0
12211.721697196,155.5633337222,8571.0,14776.1465714171,0.0,0.0,0
139806.064367219,34.9242486647,28648.3996856993,518704.266923673,9111373.83333333,7352103.66666667,0
10.698165086858262,0.6380389236,3134605.0,0.0,3134605.0,273905.39571954316,1
87765.2673352524,70.844330393,14118.7902197023,121521.67823539769,0.0,0.0,1
245.14440352670633,0.6741513581,1520430.075,25607304.33462579,30400000.0,2621434.5576512176,1
19.84689628102373,0.4991955962,2225803.11111111,22887149.320819464,20000000.0,1738884.9232419743,1
29896.91188218445,45.3371366238,22061.5845703533,2422127.2761704074,15100000.0,1301979.163633438,1
72968.43352636177,208.7371203957,4792.2472808701,50243.42468191434,0.0,0.0,1
87925.90984269221,75.9742581337,13173.9191564148,84794.30883512594,0.0,0.0,1
4.261316765298104,0.2541450744,7869521.0,0.0,7869521.0,687647.8100520656,1
21.555369029066814,0.542167659,2049386.55555556,21068994.228585657,18400000.0,1607813.1953594135,1
3.362137250141013,0.200517978,7480626.0,36159484.03263784,15000000.0,1301979.163633438,1
223.9127824208779,13.354165832,149766.0,0.0,0.0,0.0,1
16658.36375620014,193.1110185082,5466.0555555556,33251.727772597864,0.0,0.0,1
69504.47687938776,81.6126147529,12264.8693126815,730169.1869789965,4159305.0,343271.14642250165,1
41918152.21505817,181818.181818182,11.0,0.0,0.0,0.0,1
95871.97662746518,137.7842633148,7262.004719764,447368.3723611115,4002492.33333333,267020.0522186188,1
39836.95734058723,108.8930020303,9188.9674447175,279509.1623630976,4467761.0,167859.28022275155,1
64565.40515789558,62.598540146,15991.8623265742,90604.37180164983,0.0,0.0,1
145254.4771142868,167.5687450777,6173.4827586207,90873.10158301688,0.0,0.0,1
158185.27244382162,424.3399430208,2356.6937708784,32421.075537007117,0.0,0.0,1
0.0,0.0,0.0,0.0,0.0,0.0,1
76395.8417542134,63.4750307603,15770.8271865121,145596.58807067358,0.0,0.0,1
85494.9573671975,242.9511598697,4117.1856435644,42774.42721491898,0.0,0.0,1
49868.34732909601,146.5552846503,7505.7,52973.78381633164,0.0,0.0,1
0.0,0.0,0.0,0.0,0.0,0.0,1
3615.1132833627066,8.7723171887,114426.765151515,6377853.75143669,30200000.0,2630172.6728433883,1
3.363923847866142,0.2006245308,7476653.0,36159484.03263784,15000000.0,1301979.163633438,1
21.55782583739352,0.5422294534,2049153.0,21068314.17845608,18400000.0,1607813.1953594135,1
1.4877412222430768,0.0887289362,15000000.0,89537769.98557942,45100000.0,3932151.8364768266,1
3353452.1772046536,200000.0,10.0,0.0,0.0,0.0,1
348.0642537965505,2.6955699004,383345.033333333,6153853.619366328,11200000.0,859765.2611891138,1
3353452.1772046536,200000.0,10.0,0.0,0.0,0.0,1
214398.12707126714,288.3040336645,3468.6625029391,267589.347060059,6927485.29411765,299423.14389300335,1
107570.36014568305,161.6202839539,6188.6884247172,450696.94974375505,4004691.85714286,287633.6113205506,1
102195.00857996847,271.073424755,3689.9451279528,51638.69033317292,0.0,0.0,1
3.3786601352289747,0.2015034035,7444043.0,36159484.03263784,14900000.0,1301979.163633438,1
94297.04380774012,135.9609306704,7356.9492398866,522077.2752467338,4031229.57142857,311592.4121885507,1
42.20902515969793,2.5173476721,794487.0,0.0,0.0,0.0,1
42.20902515969793,2.5173476721,794487.0,0.0,0.0,0.0,1
63631.27195388801,82.2302785117,12163.5802575107,647141.4323482899,4030840.07142857,296358.7441701494,1
84630.67332976974,239.7492161169,4171.3152257077,45514.80240056798,0.0,0.0,1
3.3673063981736013,0.2008262662,7469142.5,36159484.03263784,14900000.0,1301979.163633438,1
77854.69110258599,97.3846173972,10277.0838174274,618033.353792741,4003067.0,314291.1582606163,1
2175.6621837383327,146.6813348001,13635.0,0.0,0.0,0.0,1
63.14705884493498,0.2330399904,4621194.30769231,44080132.91597756,30000000.0,2621434.5576512176,1
0.0,0.0,0.0,0.0,0.0,0.0,1
6676.822632256723,12.5354385631,80285.2051282051,2776908.821585489,12500000.0,873811.5192170725,1
4258.682450820421,275.153627442,5451.5,26457.429946489152,0.0,0.0,1
121234.03651049866,185.4595845321,5394.3375053949,449347.3118619906,4004590.0,313378.92816160485,1
21.558064301506818,0.5422354513,2049130.33333333,21067173.528275087,18400000.0,1607813.1953594135,1
359418.94272910495,522.7152087223,1913.148638306,144698.17474648927,15000000.0,320417.5309212367,1
338.84206786077596,20.2085522593,74226.0,169551.58283842227,0.0,0.0,1
104057.73806073326,292.8295240558,3415.7353410906,37593.420953476874,0.0,0.0,1
0.0,0.0,0.0,0.0,0.0,0.0,1
0.0,0.0,0.0,0.0,0.0,0.0,1
0.0,0.0,0.0,0.0,0.0,0.0,1
1332.9565852629876,79.497575324,25158.0,0.0,0.0,0.0,1
1676726.0886023268,100000.0,20.0,0.0,0.0,0.0,1
3.354639495936007,0.2000708117,7497345.5,36503860.071043916,15000000.0,1310717.2788256088,1
0.0,0.0,0.0,0.0,0.0,0.0,1
3.395881681284337,0.202530497,9875056.0,0.0,9875056.0,862893.7685713668,1
47444.01392229972,66.3252729203,15095.0307328605,725850.5594635279,4132776.0,306966.02542207076,1
15.477647794178562,0.9230874321,2166642.0,0.0,2166642.0,189323.67376195165,1
2758.9134728220342,4.3218510395,233176.0,9111629.66191498,30100000.0,2630172.6728433883,1
79777.18856574754,61.0002806013,16411.3030634573,71313.89914997308,0.0,0.0,1
21.79716341770741,1.2999835552,1538481.0,0.0,1538481.0,134434.2419896601,1
19.932646881283606,0.5013524232,2216227.66666667,22793731.451992128,19900000.0,1738884.9232419743,1
35149.44342263071,2271.0068130204,660.5,3090.1480016072064,0.0,0.0,1
132066.72304363333,245.8989893976,4069.4126245847,531969.4038423867,6016340.0,523652.61174844386,1
44448.6919427765,80.6687275019,12404.4375812744,1639502.2506579116,18900000.0,1634027.5409359257,1
45175.68321620757,45.681552762,21906.6647187728,137301.9685552584,0.0,0.0,1
11.537894713449132,0.6881204266,2906468.0,0.0,2906468.0,253970.52186358065,1
4804465.138495129,285714.285714286,7.0,0.0,0.0,0.0,1
45057.34566502385,129.4308897093,7730.1155234657,142806.63075609467,3992241.0,98772.07150506909,1
0.0,0.0,0.0,0.0,0.0,0.0,1
40706.931277200456,43.8233490804,22853.6707317073,148793.0225863898,0.0,0.0,1
3804878.431828357,6021.222423655,166.1069402736,18803.65775377742,0.0,0.0,1
15926.310532544412,29.5524459875,33858.8300733496,3316060.238410055,27700000.0,2394243.562654779,1
3.395881681284337,0.202530497,9875056.0,0.0,9875056.0,862893.7685713668,1
91137.39773422013,148.6087695339,6732.5323408624,474695.0501463578,4135059.33333333,303852.2563274414,1
223.9127824208779,13.354165832,149766.0,0.0,0.0,0.0,1
191253.90882665402,140.2481103219,7131.9181147346,99196.98708840876,4073924.0,88052.50131192173,1
9479951.347097771,13031.2213686659,76.7491548343,4070.0979921137355,0.0,0.0,1
241359.84976987832,585.7561254375,1749.875,19902.734611381533,0.0,0.0,1
0.0,0.0,0.0,0.0,0.0,0.0,1
118170.74952758869,77.627604296,12893.1015490534,58683.80238895336,0.0,0.0,1
1289789.2989248666,76923.0769230769,26.0,0.0,0.0,0.0,1
181580.38449881072,295.2174617123,3388.2176977291,323293.7770230573,4134387.0,292252.23364753096,1
152734.86068426378,242.3014702972,4127.6804462881,359060.33840312087,4060038.42857143,287056.9581329755,1
4.172850361764409,0.2310925826,5769693.33333333,34342495.0189558,17300000.0,1511693.9282455356,1
84192.29898472203,67.8420207734,14754.6492610837,122950.01529165382,0.0,0.0,1
79752.5309418017,61.5324448502,16269.2345276873,91248.40818810766,0.0,0.0,1
339418.23655917594,26315.7894736842,76.0,0.0,0.0,0.0,1
139800.8362464974,286.1135138732,3578.3333333333,37356.35653981552,0.0,0.0,1
91641.3805041129,135.7003929779,7373.7299134734,495768.01800234505,3866259.33333333,289244.1666196774,1
24224.00026675238,25.421993295,39352.2462871287,1960186.1002181896,19100000.0,769100.5877216447,1
3.3781489231452646,0.2014729148,7445169.5,36159484.03263784,14900000.0,1301979.163633438,1
121353.79019416872,343.5761429207,2911.1279114907,39132.55658135884,0.0,0.0,1
1315.956589571349,78.4836950124,25483.0,0.0,0.0,0.0,1
1134970.4197995951,1953.5337240401,511.9103474166,36121.68022509386,13400000.0,112871.5446545481,1
140052.77004267325,299.4689417433,3415.1363636364,36768.79565523401,0.0,0.0,1
39.63333816419698,0.9968706237,1114599.11111111,11407051.49285408,10000000.0,869224.008741183,1
90288.08093701348,74.8731333953,13361.8774509804,95202.19772547981,0.0,0.0,1
112740.2159074973,76.4714719148,13079.6234191016,67429.75675386986,0.0,0.0,1
3579165.304516505,5862.5622897243,170.5897938241,15402.344028253458,0.0,0.0,1
3201358.9056960577,5365.3034499977,186.4170345843,2557.6736322281367,0.0,0.0,1
61943.09186266429,176.3496555775,5672.6997349489,65929.18230081385,0.0,0.0,1
0.0,0.0,0.0,0.0,0.0,0.0,1
1555.9818936547153,92.7988121752,21552.0,0.0,0.0,0.0,1
91946.50770854695,259.0278195878,3861.583161689,42355.83579772343,0.0,0.0,1
21.55761075664429,0.5422240436,2049173.44444444,21068103.459305696,18400000.0,1607813.1953594135,1
0.0,0.0,0.0,0.0,0.0,0.0,1
17365.996571571653,27.2033336019,36796.5608308605,3326443.157383397,18600000.0,1590336.964975072,1
74249.76814882828,104.8535367603,9538.7080963533,612825.7430638195,4038024.78571429,318566.6826555843,1
111.60908587083314,1.8210244373,563222.0,8917668.635851802,10900000.0,952454.5559466091,1
0.0,0.0,0.0,0.0,0.0,0.0,1
83380.53805050223,240.6459757038,4155.7698704179,46521.69335730719,0.0,0.0,1
10.698110480371573,0.6380356668,3134621.0,0.0,3134621.0,273906.7938179739,1
67048.33854913693,53.7584430807,18624.8656716418,160770.80767028974,0.0,0.0,1
3761.4291533501855,4.8817974319,205532.28956229,9465741.368944015,30500000.0,2621434.5576512176,1
132114.96042780727,368.6984550954,2712.7343467246,38142.7408126125,0.0,0.0,1
38051.84583494276,57.5350654298,17392.979519774,1633231.1500264495,12300000.0,1057311.938252658,1
192148.91729507293,7672.6342710998,195.5,815.7533483111646,0.0,0.0,1
921278.07066062,71428.5714285714,28.0,0.0,0.0,0.0,1
827.0155925900896,4.4794284512,224023.335664336,11948875.730295563,32000000.0,2700077.594380754,1
2235634.7848031013,133333.333333333,15.0,0.0,0.0,0.0,1
192148.91729507293,7672.6342710998,195.5,815.7533483111646,0.0,0.0,1
102274.46734032028,68.575455209,14586.0233463035,76702.00845794087,0.0,0.0,1
3.353858664878482,0.2000242429,7499091.0,36159484.03263784,15000000.0,1310717.2788256088,1
50054.763503051196,49.361821686,20272.2691007437,156998.27413159693,0.0,0.0,1
182182738.4731374,166666.666666667,12.0,0.0,0.0,0.0,1
0.0,0.0,0.0,0.0,0.0,0.0,1
338.84206786077596,20.2085522593,74226.0,169551.58283842227,0.0,0.0,1
139149.3020144006,260.6345519489,3838.183006536,395421.41865323554,3510851.0,297785.3538224669,1
142265.68295080977,197.7460328408,5059.0479869866,393942.6958469269,4004443.0,285814.89331251,1
73421.58668137428,72.9777841016,13709.0658436214,64589.93973970088,0.0,0.0,1
138626.29419583947,388.467896815,2574.3257390484,30898.58114873152,0.0,0.0,1
376789.4948395278,509.9573496848,1961.0150870143,103284.35936601071,28700000.0,306562.22255551495,1
104958.81930869576,129.3630356565,7732.3135850097,527156.8020776629,3937748.42857143,302942.6643070166,1
10.698110480371573,0.6380356668,3134621.0,0.0,3134621.0,273906.7938179739,1
19.932646881283606,0.5013524232,2216227.66666667,22793731.451992128,19900000.0,1738884.9232419743,1
605633.3803719275,875.4888309966,1142.2625442908,21067.924104104113,0.0,0.0,1
148139.00024753547,396.1399116884,2524.576949443,74478.94689099432,14200000.0,123143.0679912169,1
1585.481621296718,94.5581769183,21151.0,0.0,0.0,0.0,1
61545.27277217943,59.693488941,16770.9843400447,96172.39964772179,0.0,0.0,1
240993.73881712096,674.4397662287,1482.7487396204,23841.05294458818,0.0,0.0,1
104.242977121916,0.9218175618,1152614.1875,15714593.724123295,18400000.0,1599075.0801672428,1
98228.03759034652,81.3270816979,12306.1306491372,94605.73336369326,0.0,0.0,1
21.558128594214406,0.5422370684,2049124.22222222,21064864.633214157,18400000.0,1607813.1953594135,1
21.558064301506818,0.5422354513,2049130.33333333,21067173.528275087,18400000.0,1607813.1953594135,1
0.0,0.0,0.0,0.0,0.0,0.0,1
0.0,0.0,0.0,0.0,0.0,0.0,1
0.0,0.0,0.0,0.0,0.0,0.0,1
1901119.3372166108,2732.2404371585,366.3560311284,18428.223611984165,0.0,0.0,1
0.0,0.0,0.0,0.0,0.0,0.0,1
4245.413567799274,253.1966071655,7899.0,0.0,0.0,0.0,1
0.0,0.0,0.0,0.0,0.0,0.0,1
10253824.92645269,44444.4444444444,45.0,0.0,0.0,0.0,1
69747.65172238149,55.1402677123,18138.3140433268,185275.29607628632,2138941.0,130676.2844795392,1
16725.17832616424,25.8974083085,38640.2421555252,3580332.519716715,28300000.0,2455410.368999974,1
1.4877260747318375,0.0887280329,15000000.0,89537769.98557942,45100000.0,3932151.8364768266,1
1353225.2632097118,2165.0896650108,463.2251461988,9443.319562461766,0.0,0.0,1
0.0,0.0,0.0,0.0,0.0,0.0,1
86819.80900585925,85.9677376219,11641.3020186335,59914.97576742096,0.0,0.0,1
703.4938615586747,1.9236145487,525899.488372093,16708755.705921018,45200000.0,3932151.8364768266,1
225372.72280373285,200.502351806,4990.0703125,33944.61528280818,0.0,0.0,1
5578338.717850048,333333.333333333,6.0,0.0,0.0,0.0,1
6676.822632256723,12.5354385631,80285.2051282051,2776908.821585489,12500000.0,873811.5192170725,1
21.555369029066814,0.542167659,2049386.55555556,21068994.228585657,18400000.0,1607813.1953594135,1
61552.62304233414,130.2270700643,7687.2145178765,361618.3784445619,6984192.0,252828.88711372355,1
15.477647794178562,0.9230874321,2166642.0,0.0,2166642.0,189323.67376195165,1
10.698079764458601,0.6380338349,3134630.0,0.0,3134630.0,273907.5802483412,1
99962.0159843635,87.8573532802,11390.73556231,56314.69284759983,0.0,0.0,1
1676726.0886023268,100000.0,20.0,0.0,0.0,0.0,1
165044.55492438117,265.8443414491,3761.8402609029,312869.74772939284,4158167.14285714,260699.33867486622,1
185445.1891795609,519.7023208222,1924.4260164694,24591.844847958317,0.0,0.0,1
19.932607907559134,0.5013514429,2216232.0,22793635.317858707,19900000.0,1738884.9232419743,1
93476.82186906159,133.4506405662,7493.9929654526,483343.8282457588,3993356.83333333,282254.58104539197,1
75.82170644783955,0.6082085238,1674620.59259259,29568746.23064859,45200000.0,3932151.8364768266,1
67391490.86882429,76923.0769230769,26.0,0.0,0.0,0.0,1
15.477647794178562,0.9230874321,2166642.0,0.0,2166642.0,189323.67376195165,1
1269572.4602700376,1984.6180984301,503.8931949086,65904.72422531534,4683707.0,136724.32721922421,1
29645.463010950727,54.1036483894,18494.4371146732,1801261.221791179,15000000.0,1301979.163633438,1
21.558064301506818,0.5422354513,2049130.33333333,21067173.528275087,18400000.0,1607813.1953594135,1
0.0,0.0,0.0,0.0,0.0,0.0,1
6.496860004231717,0.3874729479,3871238.0,18647172.43318451,7742476.0,672840.0252851093,1
93689.8531845069,140.9428881374,7099.0584269663,417365.6891609276,4003741.66666667,255115.50622426113,1
22893760.055916384,51282.0512820513,39.0,0.0,0.0,0.0,1
21.557760377587837,0.5422278069,2049159.22222222,21068203.53872624,18400000.0,1607813.1953594135,1
0.0,0.0,0.0,0.0,0.0,0.0,1
109141.03368958818,137.4648465533,7278.7040181098,484612.6485604344,4161789.66666667,297142.69457713317,1
89786.3674574049,77.8362068534,12853.003003003,75575.68113290277,0.0,0.0,1
21.79716341770741,1.2999835552,1538481.0,0.0,1538481.0,134434.2419896601,1
921278.07066062,71428.5714285714,28.0,0.0,0.0,0.0,1
0.0,0.0,0.0,0.0,0.0,0.0,1
96418.560910766,83.8625538425,11929.0163086714,63066.00095918466,0.0,0.0,1
42478.34109393878,43.4305620865,23042.9584934666,130694.44974373329,0.0,0.0,1
5578338.717850048,333333.333333333,6.0,0.0,0.0,0.0,1
87103.79314333234,242.8378426462,4119.2187972197,43692.41638463781,0.0,0.0,1
729011.3428705764,43478.2608695652,46.0,0.0,0.0,0.0,1
7.038768197392355,0.4197923707,4764260.0,0.0,4764260.0,416306.52685451304,1
19.932520966731865,0.5013492562,2216241.66666667,22793762.271882843,19900000.0,1738884.9232419743,1
47158.06270363561,140.4147432007,7125.1489766778,67770.15324431715,0.0,0.0,1
550.5086335119634,30.4871852198,49201.0,173754.57634819418,0.0,0.0,1
1314.4091942165358,78.3914083017,25513.0,0.0,0.0,0.0,1
73292.9492220627,107.3418651923,9335.8089171975,508761.2111539238,3501957.0,276829.0816816916,1
40338.12117541298,65.5915252659,15249.8630890052,1728246.067661257,14500000.0,1258288.5876725845,1
157977.69778190827,217.8463558905,4592.11369606,419579.39400039683,4005133.66666667,314960.2357408808,1
189329.37379377946,519.6165763291,1924.619487772,28911.912024175046,0.0,0.0,1
37541.717688839584,35.6051008593,28151.0278422274,1091933.445153022,4002848.0,332776.96134721074,1
3579165.304516505,5862.5622897243,170.5897938241,15402.344028253458,0.0,0.0,1
1335.2919396371046,79.6368559369,25114.0,0.0,0.0,0.0,1
52949.33858275132,54.3882856833,18409.2092154421,118088.13424104579,0.0,0.0,1
612.0065814994829,33.8929434892,44257.0,152690.90667245068,0.0,0.0,1
1309.9422567205677,78.125,25600.0,0.0,0.0,0.0,1
51269124.63226345,222222.222222222,9.0,0.0,0.0,0.0,1
92790.59704495448,7194.2446043166,278.0,0.0,0.0,0.0,1
182182738.4731374,166666.666666667,12.0,0.0,0.0,0.0,1
68110.12583865045,65.3097901112,15327.3121801433,89241.7482941854,0.0,0.0,1
62550.76095635354,170.9683103884,5849.3223777247,198927.28515297925,6980051.41176471,151434.41985833208,1
64586.51949815726,77.0424603765,12993.7674169346,729534.0765636599,4002346.0,326288.06613255513,1
109666.47887336441,315.0327366628,3174.9453737032,37064.264417820035,0.0,0.0,1
1.1161661733580963,0.0665681879,18000000.0,85060881.48630045,45100000.0,3932151.8364768266,1
70421.37511684047,100.7001627799,9938.3832669323,526593.837845362,4002615.66666667,266635.2838796571,1
209654.1690759245,342.6093689676,2919.064178515,226267.18187201823,4002686.57142857,214407.6193081394,1
65919.73497692238,186.4657162127,5363.8751788269,51878.63728979909,0.0,0.0,1
94061.97955060194,79.1372849218,12646.9232715008,90891.47705396693,0.0,0.0,1
4245.413567799274,253.1966071655,7899.0,0.0,0.0,0.0,1
189051.4043736415,261.2491134625,3828.9322551114,300088.33192113036,6149157.5,306562.22255551495,1
612.0065814994829,33.8929434892,44257.0,152690.90667245068,0.0,0.0,1
182182738.4731374,166666.666666667,12.0,0.0,0.0,0.0,1
36627.206685248195,103.9123552341,9625.0401477437,267789.9306822875,6515993.88888889,156658.80300549426,1
105296.4041131321,72.0925972619,13872.6532947977,75561.63546838133,0.0,0.0,1
45188.13010689787,46.4666852533,21551.7155172414,143233.21373955524,0.0,0.0,1
21.74068075658914,1.2966149274,1542478.0,0.0,1542478.0,134783.50445389116,1
1537.152629815125,91.6758342501,21816.0,0.0,0.0,0.0,1
1086334.5682509039,1875.0665880655,533.3333570387,29235.47653021507,9310538.0,109191.31267906155,1
101365.76489347951,77.9707211931,12836.3170522708,56917.781604981225,0.0,0.0,1
5578338.717850048,333333.333333333,6.0,0.0,0.0,0.0,1
9221993.487312797,40000.0,50.0,0.0,0.0,0.0,1
550.5086335119634,30.4871852198,49201.0,173754.57634819418,0.0,0.0,1
3.3529072180096504,0.1999674986,7501219.0,36503860.071043916,15000000.0,1310717.2788256088,1
729011.3428705764,43478.2608695652,46.0,0.0,0.0,0.0,1
12079.559666937252,19.5239251448,51266.5901942646,3717753.6039193603,18500000.0,1581598.8497829014,1
36113.87494991775,102.7556475446,9733.4303150256,322117.7388418582,5653232.6,169913.31400851437,1
91939.34339864434,133.2739695204,7505.4145936982,640482.8314185321,4520418.0,369425.06793246,1
30728.54020213065,41.8703438701,23906.0419847328,2572256.799327277,24300000.0,2114623.876505316,1
128087.60546081721,172.1297152448,5812.2432183908,330793.0208142403,4003351.66666667,224001.4081889927,1
163.03111307109825,9.7231810359,205694.0,0.0,0.0,0.0,1
173659.2420730024,485.5631214376,2059.7475261133,28544.515920488197,0.0,0.0,1
3.363923847866142,0.2006245308,7476653.0,36159484.03263784,15000000.0,1301979.163633438,1
21.558128594214406,0.5422370684,2049124.22222222,21064864.633214157,18400000.0,1607813.1953594135,1
74650.7230939214,207.0407598823,4831.523364486,50142.493055982006,0.0,0.0,1
192148.91729507293,7672.6342710998,195.5,815.7533483111646,0.0,0.0,1
97184.0027540669,273.7996381018,3652.4169482239,43549.899894801485,0.0,0.0,1
128831.32913136954,350.4943892869,2853.6560655113,37599.09951129196,0.0,0.0,1
4804465.138495129,285714.285714286,7.0,0.0,0.0,0.0,1
123479.46233120997,347.0875412627,2881.255920073,38400.09502976651,0.0,0.0,1
61552.62304233414,130.2270700643,7687.2145178765,361618.3784445619,6984192.0,252828.88711372355,1
110853.6213468226,304.359224158,3286.3111305872,41176.293054372516,0.0,0.0,1
142465.57968005358,213.8232838139,4678.5253021148,386148.93070828245,4005577.66666667,289811.53243910504,1
56909.9739027108,54.7637646468,18271.3904820012,114321.92089292733,0.0,0.0,1
9.101724662877587,0.5428271633,2763310.5,13263383.69398888,5526621.0,479432.33124464087,1
154673.6702110762,429.8105141254,2326.968147918,31702.330521804342,0.0,0.0,1
39.63450767429157,0.9969000396,1114566.22222222,11408033.826986345,10000000.0,869287.8843632377,1
145748.86566458349,412.0757531589,2427.132348165,31192.402320196918,0.0,0.0,1
111051.4633671108,307.1343959063,3256.0803973726,41012.28071625385,0.0,0.0,1
142830.85128170098,233.4217558506,4284.7318569505,337975.7865555032,4003077.85714286,263136.43020951626,1
63.15251241069361,0.2330403084,4621188.0,44080132.91597756,30000000.0,2621434.5576512176,1
10253824.92645269,44444.4444444444,45.0,0.0,0.0,0.0,1
6568.399214312911,28.0996819599,35974.4130434783,165921.5626223146,0.0,0.0,1
3.3673063981736013,0.2008262662,7469142.5,36159484.03263784,14900000.0,1301979.163633438,1
35149.44342263071,2271.0068130204,660.5,3090.1480016072064,0.0,0.0,1
100725.99433660944,71.01265919,14095.2312030075,82716.51513079058,0.0,0.0,1
10.698079764458601,0.6380338349,3134630.0,0.0,3134630.0,273907.5802483412,1
4.170338499523107,0.2487191276,8041199.0,0.0,8041199.0,702649.2314516804,1
107687.7213288758,156.7269243369,6383.8340248963,477037.89358920103,4001984.66666667,306414.0386853813,1
92790.59704495448,7194.2446043166,278.0,0.0,0.0,0.0,1
423.3693506440375,25.2497622314,59406.5,106660.09188209675,0.0,0.0,1
0.0,0.0,0.0,0.0,0.0,0.0,1
198949999.3591607,181818.181818182,11.0,0.0,0.0,0.0,1
40833.407614270356,116.1557967794,8614.285200719,190990.13106938213,2940272.0,145709.20678442184,1
86053.7285629329,81.5896436702,12258.9623952585,122596.21586690431,0.0,0.0,1
82.78968770319611,2.1331537864,515668.4,5508096.422805595,5156669.0,442807.1330847207,1
927533.6624984371,37037.037037037,40.5,163.11577454408078,0.0,0.0,1
47863.696525875894,142.9718066278,6997.6559139785,69216.34745071744,0.0,0.0,1
3579.0923618375314,6.8380246885,146954.434146341,7223885.648387717,30100000.0,2621434.5576512176,1
3.362348727767099,0.2005305906,7480155.5,36159484.03263784,15000000.0,1301979.163633438,1
89584.90838173933,67.7093867713,14783.5804540967,75401.77923603199,0.0,0.0,1
21.55761075664429,0.5422240436,2049173.44444444,21068103.459305696,18400000.0,1607813.1953594135,1
19.932560939430388,0.5013502616,2216237.22222222,22793717.06065654,19900000.0,1738884.9232419743,1
3.369059908740376,0.2009308456,7465255.0,36159484.03263784,14900000.0,1301979.163633438,1
104778.59758862041,76.9077738718,13008.2277657267,62921.13940924262,0.0,0.0,1
782829.181878138,1344.7005531206,743.6784253452,155277.38552958367,12200000.0,442315.9636297688,1
1345.2012424103004,80.2278470857,24929.0,0.0,0.0,0.0,1
348.0642537965505,2.6955699004,383345.033333333,6153853.619366328,11200000.0,859765.2611891138,1
15.207586066619458,0.9069809416,2205118.0,0.0,2205118.0,192685.75096329127,1
130537.85544967488,80.0671389649,12499.9349457882,62307.678234032515,0.0,0.0,1
39983468.26667087,45454.5454545455,44.0,0.0,0.0,0.0,1
122479.29929435703,114.129848951,8764.5109617071,101852.3167959679,0.0,0.0,1
133847.56953623614,377.5974453141,2648.5568703638,31202.902548725382,0.0,0.0,1
0.0,0.0,0.0,0.0,0.0,0.0,1
3.377834512658879,0.2014541633,7445862.5,36159484.03263784,14900000.0,1301979.163633438,1
1450.2830273463953,6.2386544897,161152.752688172,3075091.973949021,5786068.0,413104.82901941054,1
505.5143433124635,3.6892508096,278190.842105263,2991500.137221106,4989891.5,338026.2529771794,1
0.0,0.0,0.0,0.0,0.0,0.0,1
1314.4091942165358,78.3914083017,25513.0,0.0,0.0,0.0,1
135677.9959538806,207.4339590684,4823.0515799257,596395.2568486516,5001686.5,430939.0687212904,1
95241.84649455124,136.7970429713,7311.9948146228,491588.2046579053,4004928.28571429,290438.23422169406,1
0.0,0.0,0.0,0.0,0.0,0.0,1
339418.23655917594,26315.7894736842,76.0,0.0,0.0,0.0,1
47026.73356482106,48.0539869369,20824.3791666667,136563.277230435,0.0,0.0,1
230701.7220942545,281.0909698074,3558.4861792818,304594.1412840835,4467935.0,261237.8375066052,1
583332.249283437,1070.576908006,935.2984293194,48796.815139221195,0.0,0.0,1
25167.436812088283,34.4291950204,29054.0211526671,2684047.4281137544,18900000.0,1634027.5409359257,1
82138.37248486817,120.7930391299,8281.0426775797,569785.0478228712,4004362.14285714,316810.277811382,1
0.0,0.0,0.0,0.0,0.0,0.0,1
9259.443004435105,38.7537958711,26087.4835164835,163338.64709338252,0.0,0.0,1
0.0,0.0,0.0,0.0,0.0,0.0,1
3.362348727767099,0.2005305906,7480155.5,36159484.03263784,15000000.0,1301979.163633438,1
155349.77955734788,415.4569537719,2435.6428571429,26116.108822304417,0.0,0.0,1
49147.77313172492,144.4251877527,7616.4,52812.487586668685,0.0,0.0,1
216632.5389043311,312.9952560156,3195.0239488217,263055.9998813199,6458451.66666667,297689.50155331765,1
21.5581519734834,0.5422376565,2049122.0,21064862.20721328,18400000.0,1607813.1953594135,1
90468.71282469244,253.8405614931,3940.5354752343,213850.1281863746,14300000.0,315216.75767587253,1
41356.98471264304,90.3049528793,11217.4025974026,103422.50259380355,0.0,0.0,1
19.932520966731865,0.5013492562,2216241.66666667,22793762.271882843,19900000.0,1738884.9232419743,1
3263.2892100345366,12.4007909686,80875.1195335277,1402361.7917376838,4327523.5,237014.76274713525,1
352.8203979693261,0.8988735616,1133494.1509434,22301238.676244754,30000000.0,2612696.442459047,1
4258.682450820421,275.153627442,5451.5,26457.429946489152,0.0,0.0,1
14065.314055887311,1090.5125408942,1834.0,0.0,0.0,0.0,1
72589.81426584299,195.4616033516,5117.8434188034,54470.85046767564,0.0,0.0,1
3.3786601352289747,0.2015034035,7444043.0,36159484.03263784,14900000.0,1301979.163633438,1
3.362097249937731,0.2005155924,7480715.0,36159484.03263784,15000000.0,1301979.163633438,1
92368.57781540339,64.9118247707,15413.4301130524,89417.59764547987,0.0,0.0,1
63.14285710236647,0.2330442924,4621109.0,44080132.91597756,30000000.0,2621434.5576512176,1
292847.1004647708,829.7898732624,1205.1728018004,19958.686612090365,0.0,0.0,1
0.0,0.0,0.0,0.0,0.0,0.0,1
81455.76426825683,71.0473751867,14076.7669561136,87343.03353264077,0.0,0.0,1
2235634.7848031013,133333.333333333,15.0,0.0,0.0,0.0,1
53209.57985612261,49.5333828667,20215.6132075472,156915.5401752736,0.0,0.0,1
45458.9578341074,44.7454265306,22382.0089552239,161175.38520550347,0.0,0.0,1
2180.407798301241,18.6282614011,61350.7142857143,310251.9487411601,0.0,0.0,1
338216.20977940294,961.6240595804,1039.9795960858,18466.576429442906,0.0,0.0,1
1289789.2989248666,76923.0769230769,26.0,0.0,0.0,0.0,1
165415477.58711416,250000.0,8.0,0.0,0.0,0.0,1
11.537894713449132,0.6881204266,2906468.0,0.0,2906468.0,253970.52186358065,1
130030.38782248234,365.0177199117,2739.8437671609,36048.369924202874,0.0,0.0,1
371936.7536615959,591.7610254423,1699.8117647059,60407.74707982605,0.0,0.0,1
21.558108721882515,0.5422365686,2049126.11111111,21067286.869051747,18400000.0,1607813.1953594135,1
86304.9332567842,71.7002095962,13950.2109065486,103347.64463708173,0.0,0.0,1
0.0,0.0,0.0,0.0,0.0,0.0,1
182182738.4731374,166666.666666667,12.0,0.0,0.0,0.0,1
82218.44978609064,121.9419464995,8202.866010391,716413.493671826,4999645.66666667,422018.2395404514,1
19.84689628102373,0.4991955962,2225803.11111111,22887149.320819464,20000000.0,1738884.9232419743,1
124778.99807522306,79.1796454635,12640.1662447257,78929.21111907624,0.0,0.0,1
1330.5765889793477,79.355632266,25203.0,0.0,0.0,0.0,1
39032.10063215327,113.5842672271,8809.4407612032,158318.79789775203,6663154.0,88707.51042672685,1
354963.6683247693,481.8918530254,2075.310557604,150460.1382770331,13700000.0,306562.22255551495,1
148839.264853018,81.5110778628,12278.3270491803,52060.410937292334,0.0,0.0,1
114.72382131879839,2.9649241008,354140.6,5363827.353037531,6996774.0,609157.5155760882,1
0.0,0.0,0.0,0.0,0.0,3.3913849941210694,0
0.0,0.0,0.0,0.0,0.0,3.3913849941210694,0
0.0,0.0,0.0,0.0,0.0,3.3913849941210694,0
0.0,0.0,0.0,0.0,0.0,3.3913849941210694,0
0.0,0.0,0.0,0.0,0.0,3.3913849941210694,0
0.0,0.0,0.0,0.0,0.0,3.3913849941210694,0
0.0,0.0,0.0,0.0,0.0,3.3913849941210694,0
0.0,0.0,0.0,0.0,0.0,3.3913849941210694,0
0.0,0.0,0.0,0.0,0.0,3.3913849941210694,0
0.0,0.0,0.0,0.0,0.0,3.3913849941210694,0
0.0,0.0,0.0,0.0,0.0,3.3913849941210694,0
0.0,0.0,0.0,0.0,0.0,3.3913849941210694,0
0.0,0.0,0.0,0.0,0.0,3.3913849941210694,0
0.0,0.0,0.0,0.0,0.0,3.3913849941210694,0
0.0,0.0,0.0,0.0,0.0,3.3913849941210694,0
0.0,0.0,0.0,0.0,0.0,3.3913849941210694,0
0.0,0.0,0.0,0.0,0.0,3.3913849941210694,0
0.0,0.0,0.0,0.0,0.0,3.3913849941210694,0
0.0,0.0,0.0,0.0,0.0,3.3913849941210694,0
0.0,0.0,0.0,0.0,0.0,3.3913849941210694,0
0.0,0.0,0.0,0.0,0.0,3.3913849941210694,0
0.0,0.0,0.0,0.0,0.0,3.3913849941210694,0
0.0,0.0,0.0,0.0,0.0,3.3913849941210694,0
0.0,0.0,0.0,0.0,0.0,3.3913849941210694,0
0.0,0.0,0.0,0.0,0.0,3.3913849941210694,0
0.0,0.0,0.0,0.0,0.0,3.3913849941210694,0
0.0,0.0,0.0,0.0,0.0,3.3913849941210694,0
0.0,0.0,0.0,0.0,0.0,3.3913849941210694,0
0.0,0.0,0.0,0.0,0.0,3.3913849941210694,0
0.0,0.0,0.0,0.0,0.0,3.3913849941210694,0
0.0,0.0,0.0,0.0,0.0,3.3913849941210694,0
0.0,0.0,0.0,0.0,0.0,3.3913849941210694,0
0.0,0.0,0.0,0.0,0.0,3.3913849941210694,0
0.0,0.0,0.0,0.0,0.0,3.3913849941210694,0
0.0,0.0,0.0,0.0,0.0,3.3913849941210694,0
0.0,0.0,0.0,0.0,0.0,3.3913849941210694,0
0.0,0.0,0.0,0.0,0.0,3.3913849941210694,0
0.0,0.0,0.0,0.0,0.0,3.3913849941210694,0
0.0,0.0,0.0,0.0,0.0,3.3913849941210694,0
0.0,0.0,0.0,0.0,0.0,3.3913849941210694,0
0.0,0.0,0.0,0.0,0.0,3.3913849941210694,0
0.0,0.0,0.0,0.0,0.0,3.3913849941210694,0
0.0,0.0,0.0,0.0,0.0,3.3913849941210694,0
0.0,0.0,0.0,0.0,0.0,3.3913849941210694,0
0.0,0.0,0.0,0.0,0.0,3.3913849941210694,0
0.0,0.0,0.0,0.0,0.0,3.3913849941210694,0
0.0,0.0,0.0,0.0,0.0,3.3913849941210694,0
0.0,0.0,0.0,0.0,0.0,3.3913849941210694,0
0.0,0.0,0.0,0.0,0.0,3.3913849941210694,0
0.0,0.0,0.0,0.0,0.0,3.3913849941210694,0
0.0,0.0,0.0,0.0,0.0,3.3913849941210694,0
0.0,0.0,0.0,0.0,0.0,3.3913849941210694,0
0.0,0.0,0.0,0.0,0.0,3.3913849941210694,0
0.0,0.0,0.0,0.0,0.0,3.3913849941210694,0
0.0,0.0,0.0,0.0,0.0,3.3913849941210694,0
0.0,0.0,0.0,0.0,0.0,3.3913849941210694,0
0.0,0.0,0.0,0.0,0.0,3.3913849941210694,0
0.0,0.0,0.0,0.0,0.0,3.3913849941210694,0
0.0,0.0,0.0,0.0,0.0,3.3913849941210694,0
0.0,0.0,0.0,0.0,0.0,3.3913849941210694,0
0.0,0.0,0.0,0.0,0.0,3.3913849941210694,0
0.0,0.0,0.0,0.0,0.0,3.3913849941210694,0
0.0,0.0,0.0,0.0,0.0,3.3913849941210694,0
0.0,0.0,0.0,0.0,0.0,3.3913849941210694,0
0.0,0.0,0.0,0.0,0.0,3.3913849941210694,0
0.0,0.0,0.0,0.0,0.0,3.3913849941210694,0
0.0,0.0,0.0,0.0,0.0,3.3913849941210694,0
0.0,0.0,0.0,0.0,0.0,3.3913849941210694,0
0.0,0.0,0.0,0.0,0.0,3.3913849941210694,0
0.0,0.0,0.0,0.0,0.0,3.3913849941210694,0
0.0,0.0,0.0,0.0,0.0,3.3913849941210694,0
0.0,0.0,0.0,0.0,0.0,3.3913849941210694,0
0.0,0.0,0.0,0.0,0.0,3.3913849941210694,0
0.0,0.0,0.0,0.0,0.0,3.3913849941210694,0
0.0,0.0,0.0,0.0,0.0,3.3913849941210694,0
0.0,0.0,0.0,0.0,0.0,3.3913849941210694,0
0.0,0.0,0.0,0.0,0.0,3.3913849941210694,0
0.0,0.0,0.0,0.0,0.0,3.3913849941210694,0
0.0,0.0,0.0,0.0,0.0,3.3913849941210694,0
0.0,0.0,0.0,0.0,0.0,3.3913849941210694,0
0.0,0.0,0.0,0.0,0.0,3.3913849941210694,0
0.0,0.0,0.0,0.0,0.0,3.3913849941210694,0
0.0,0.0,0.0,0.0,0.0,3.3913849941210694,0
0.0,0.0,0.0,0.0,0.0,3.3913849941210694,0
0.0,0.0,0.0,0.0,0.0,3.3913849941210694,0
0.0,0.0,0.0,0.0,0.0,3.3913849941210694,0
0.0,0.0,0.0,0.0,0.0,3.3913849941210694,0
0.0,0.0,0.0,0.0,0.0,3.3913849941210694,0
0.0,0.0,0.0,0.0,0.0,3.3913849941210694,0
0.0,0.0,0.0,0.0,0.0,3.3913849941210694,0
0.0,0.0,0.0,0.0,0.0,3.3913849941210694,0
0.0,0.0,0.0,0.0,0.0,3.3913849941210694,0
0.0,0.0,0.0,0.0,0.0,3.3913849941210694,0
0.0,0.0,0.0,0.0,0.0,3.3913849941210694,0
0.0,0.0,0.0,0.0,0.0,3.3913849941210694,0
0.0,0.0,0.0,0.0,0.0,3.3913849941210694,0
0.0,0.0,0.0,0.0,0.0,3.3913849941210694,0
0.0,0.0,0.0,0.0,0.0,3.3913849941210694,0
0.0,0.0,0.0,0.0,0.0,3.3913849941210694,0
0.0,0.0,0.0,0.0,0.0,3.3913849941210694,0
0.0,0.0,0.0,0.0,0.0,3.3913849941210694,0
0.0,0.0,0.0,0.0,0.0,3.3913849941210694,0
0.0,0.0,0.0,0.0,0.0,3.3913849941210694,0
0.0,0.0,0.0,0.0,0.0,3.3913849941210694,0
0.0,0.0,0.0,0.0,0.0,3.3913849941210694,0
0.0,0.0,0.0,0.0,0.0,3.3913849941210694,0
0.0,0.0,0.0,0.0,0.0,3.3913849941210694,0
0.0,0.0,0.0,0.0,0.0,3.3913849941210694,0
0.0,0.0,0.0,0.0,0.0,3.3913849941210694,0
0.0,0.0,0.0,0.0,0.0,3.3913849941210694,0
0.0,0.0,0.0,0.0,0.0,3.3913849941210694,0
0.0,0.0,0.0,0.0,0.0,3.3913849941210694,0
0.0,0.0,0.0,0.0,0.0,3.3913849941210694,0
0.0,0.0,0.0,0.0,0.0,3.3913849941210694,0
0.0,0.0,0.0,0.0,0.0,3.3913849941210694,0
0.0,0.0,0.0,0.0,0.0,3.3913849941210694,0
0.0,0.0,0.0,0.0,0.0,3.3913849941210694,0
0.0,0.0,0.0,0.0,0.0,3.3913849941210694,0
0.0,0.0,0.0,0.0,0.0,3.3913849941210694,0
0.0,0.0,0.0,0.0,0.0,3.3913849941210694,0
0.0,0.0,0.0,0.0,0.0,3.3913849941210694,0
0.0,0.0,0.0,0.0,0.0,3.3913849941210694,0
0.0,0.0,0.0,0.0,0.0,3.3913849941210694,0
0.0,0.0,0.0,0.0,0.0,3.3913849941210694,0
0.0,0.0,0.0,0.0,0.0,3.3913849941210694,0
0.0,0.0,0.0,0.0,0.0,3.3913849941210694,0
0.0,0.0,0.0,0.0,0.0,3.3913849941210694,0
0.0,0.0,0.0,0.0,0.0,3.3913849941210694,0
0.0,0.0,0.0,0.0,0.0,3.3913849941210694,0
0.0,0.0,0.0,0.0,0.0,3.3913849941210694,0
0.0,0.0,0.0,0.0,0.0,3.3913849941210694,0
0.0,0.0,0.0,0.0,0.0,3.3913849941210694,0
0.0,0.0,0.0,0.0,0.0,3.3913849941210694,0
0.0,0.0,0.0,0.0,0.0,3.3913849941210694,0
0.0,0.0,0.0,0.0,0.0,3.3913849941210694,0
0.0,0.0,0.0,0.0,0.0,3.3913849941210694,0
0.0,0.0,0.0,0.0,0.0,3.3913849941210694,0
0.0,0.0,0.0,0.0,0.0,3.3913849941210694,0
0.0,0.0,0.0,0.0,0.0,3.3913849941210694,0
0.0,0.0,0.0,0.0,0.0,3.3913849941210694,0
0.0,0.0,0.0,0.0,0.0,3.3913849941210694,0
0.0,0.0,0.0,0.0,0.0,3.3913849941210694,0
0.0,0.0,0.0,0.0,0.0,3.3913849941210694,0
0.0,0.0,0.0,0.0,0.0,3.3913849941210694,0
0.0,0.0,0.0,0.0,0.0,3.3913849941210694,0
0.0,0.0,0.0,0.0,0.0,3.3913849941210694,0
0.0,0.0,0.0,0.0,0.0,3.3913849941210694,0
0.0,0.0,0.0,0.0,0.0,3.3913849941210694,0
0.0,0.0,0.0,0.0,0.0,3.3913849941210694,0
0.0,0.0,0.0,0.0,0.0,3.3913849941210694,0
0.0,0.0,0.0,0.0,0.0,3.3913849941210694,0
0.0,0.0,0.0,0.0,0.0,3.3913849941210694,0
0.0,0.0,0.0,0.0,0.0,3.3913849941210694,0
0.0,0.0,0.0,0.0,0.0,3.3913849941210694,0
0.0,0.0,0.0,0.0,0.0,3.3913849941210694,0
0.0,0.0,0.0,0.0,0.0,3.3913849941210694,0
0.0,0.0,0.0,0.0,0.0,3.3913849941210694,0
0.0,0.0,0.0,0.0,0.0,3.3913849941210694,0
0.0,0.0,0.0,0.0,0.0,3.3913849941210694,0
0.0,0.0,0.0,0.0,0.0,3.3913849941210694,0
0.0,0.0,0.0,0.0,0.0,3.3913849941210694,0
0.0,0.0,0.0,0.0,0.0,3.3913849941210694,0
0.0,0.0,0.0,0.0,0.0,3.3913849941210694,0
0.0,0.0,0.0,0.0,0.0,3.3913849941210694,0
0.0,0.0,0.0,0.0,0.0,3.3913849941210694,0
0.0,0.0,0.0,0.0,0.0,3.3913849941210694,0
0.0,0.0,0.0,0.0,0.0,3.3913849941210694,0
0.0,0.0,0.0,0.0,0.0,3.3913849941210694,0
0.0,0.0,0.0,0.0,0.0,3.3913849941210694,0
0.0,0.0,0.0,0.0,0.0,3.3913849941210694,0
0.0,0.0,0.0,0.0,0.0,3.3913849941210694,0
0.0,0.0,0.0,0.0,0.0,3.3913849941210694,0
0.0,0.0,0.0,0.0,0.0,3.3913849941210694,0
0.0,0.0,0.0,0.0,0.0,3.3913849941210694,0
0.0,0.0,0.0,0.0,0.0,3.3913849941210694,0
0.0,0.0,0.0,0.0,0.0,3.3913849941210694,0
0.0,0.0,0.0,0.0,0.0,3.3913849941210694,0
0.0,0.0,0.0,0.0,0.0,3.3913849941210694,0
0.0,0.0,0.0,0.0,0.0,3.3913849941210694,0
0.0,0.0,0.0,0.0,0.0,3.3913849941210694,0
0.0,0.0,0.0,0.0,0.0,3.3913849941210694,0
0.0,0.0,0.0,0.0,0.0,3.3913849941210694,0
0.0,0.0,0.0,0.0,0.0,3.3913849941210694,0
0.0,0.0,0.0,0.0,0.0,3.3913849941210694,0
0.0,0.0,0.0,0.0,0.0,3.3913849941210694,0
0.0,0.0,0.0,0.0,0.0,3.3913849941210694,0
0.0,0.0,0.0,0.0,0.0,3.3913849941210694,0
0.0,0.0,0.0,0.0,0.0,3.3913849941210694,0
0.0,0.0,0.0,0.0,0.0,3.3913849941210694,0
0.0,0.0,0.0,0.0,0.0,3.3913849941210694,0
0.0,0.0,0.0,0.0,0.0,3.3913849941210694,0
0.0,0.0,0.0,0.0,0.0,3.3913849941210694,0
0.0,0.0,0.0,0.0,0.0,3.3913849941210694,0
0.0,0.0,0.0,0.0,0.0,3.3913849941210694,0
0.0,0.0,0.0,0.0,0.0,3.3913849941210694,0
0.0,0.0,0.0,0.0,0.0,3.3913849941210694,0
0.0,0.0,0.0,0.0,0.0,3.3913849941210694,0
0.0,0.0,0.0,0.0,0.0,3.3913849941210694,0
0.0,0.0,0.0,0.0,0.0,3.3913849941210694,0
0.0,0.0,0.0,0.0,0.0,3.3913849941210694,0
0.0,0.0,0.0,0.0,0.0,3.3913849941210694,0
0.0,0.0,0.0,0.0,0.0,3.3913849941210694,0
0.0,0.0,0.0,0.0,0.0,3.3913849941210694,0
0.0,0.0,0.0,0.0,0.0,3.3913849941210694,0
0.0,0.0,0.0,0.0,0.0,3.3913849941210694,0
0.0,0.0,0.0,0.0,0.0,3.3913849941210694,0
0.0,0.0,0.0,0.0,0.0,3.3913849941210694,0
0.0,0.0,0.0,0.0,0.0,3.3913849941210694,0
0.0,0.0,0.0,0.0,0.0,3.3913849941210694,0
0.0,0.0,0.0,0.0,0.0,3.3913849941210694,0
0.0,0.0,0.0,0.0,0.0,3.3913849941210694,0
0.0,0.0,0.0,0.0,0.0,3.3913849941210694,0
0.0,0.0,0.0,0.0,0.0,3.3913849941210694,0
0.0,0.0,0.0,0.0,0.0,3.3913849941210694,0
0.0,0.0,0.0,0.0,0.0,3.3913849941210694,0
0.0,0.0,0.0,0.0,0.0,3.3913849941210694,0
0.0,0.0,0.0,0.0,0.0,3.3913849941210694,0
0.0,0.0,0.0,0.0,0.0,3.3913849941210694,0
0.0,0.0,0.0,0.0,0.0,3.3913849941210694,0
0.0,0.0,0.0,0.0,0.0,3.3913849941210694,0
0.0,0.0,0.0,0.0,0.0,3.3913849941210694,0
0.0,0.0,0.0,0.0,0.0,3.3913849941210694,0
0.0,0.0,0.0,0.0,0.0,3.3913849941210694,0
0.0,0.0,0.0,0.0,0.0,3.3913849941210694,0
0.0,0.0,0.0,0.0,0.0,3.3913849941210694,0
0.0,0.0,0.0,0.0,0.0,3.3913849941210694,0
0.0,0.0,0.0,0.0,0.0,3.3913849941210694,0
0.0,0.0,0.0,0.0,0.0,3.3913849941210694,0
0.0,0.0,0.0,0.0,0.0,3.3913849941210694,0
0.0,0.0,0.0,0.0,0.0,3.3913849941210694,0
0.0,0.0,0.0,0.0,0.0,3.3913849941210694,0
0.0,0.0,0.0,0.0,0.0,3.3913849941210694,0
0.0,0.0,0.0,0.0,0.0,3.3913849941210694,0
0.0,0.0,0.0,0.0,0.0,3.3913849941210694,0
0.0,0.0,0.0,0.0,0.0,3.3913849941210694,0
0.0,0.0,0.0,0.0,0.0,3.3913849941210694,0
0.0,0.0,0.0,0.0,0.0,3.3913849941210694,0
0.0,0.0,0.0,0.0,0.0,3.3913849941210694,0
0.0,0.0,0.0,0.0,0.0,3.3913849941210694,0
0.0,0.0,0.0,0.0,0.0,3.3913849941210694,0
0.0,0.0,0.0,0.0,0.0,3.3913849941210694,0
0.0,0.0,0.0,0.0,0.0,3.3913849941210694,0
0.0,0.0,0.0,0.0,0.0,3.3913849941210694,0
0.0,0.0,0.0,0.0,0.0,3.3913849941210694,0
0.0,0.0,0.0,0.0,0.0,3.3913849941210694,0
0.0,0.0,0.0,0.0,0.0,3.3913849941210694,0
0.0,0.0,0.0,0.0,0.0,3.3913849941210694,0
0.0,0.0,0.0,0.0,0.0,3.3913849941210694,0
0.0,0.0,0.0,0.0,0.0,3.3913849941210694,0
0.0,0.0,0.0,0.0,0.0,3.3913849941210694,0
0.0,0.0,0.0,0.0,0.0,3.3913849941210694,0
0.0,0.0,0.0,0.0,0.0,3.3913849941210694,0
0.0,0.0,0.0,0.0,0.0,3.3913849941210694,0
0.0,0.0,0.0,0.0,0.0,3.3913849941210694,0
0.0,0.0,0.0,0.0,0.0,3.3913849941210694,0
0.0,0.0,0.0,0.0,0.0,3.3913849941210694,0
0.0,0.0,0.0,0.0,0.0,3.3913849941210694,0
0.0,0.0,0.0,0.0,0.0,3.3913849941210694,0
0.0,0.0,0.0,0.0,0.0,3.3913849941210694,0
0.0,0.0,0.0,0.0,0.0,3.3913849941210694,0
0.0,0.0,0.0,0.0,0.0,3.3913849941210694,0
0.0,0.0,0.0,0.0,0.0,3.3913849941210694,0
0.0,0.0,0.0,0.0,0.0,3.3913849941210694,0
0.0,0.0,0.0,0.0,0.0,3.3913849941210694,0
0.0,0.0,0.0,0.0,0.0,3.3913849941210694,0
0.0,0.0,0.0,0.0,0.0,3.3913849941210694,0
0.0,0.0,0.0,0.0,0.0,3.3913849941210694,0
0.0,0.0,0.0,0.0,0.0,3.3913849941210694,0
0.0,0.0,0.0,0.0,0.0,3.3913849941210694,0
0.0,0.0,0.0,0.0,0.0,3.3913849941210694,0
0.0,0.0,0.0,0.0,0.0,7.309514102993543,2
0.0,0.0,0.0,0.0,0.0,7.309514102993543,2
0.0,0.0,0.0,0.0,0.0,7.309514102993543,2
0.0,0.0,0.0,0.0,0.0,7.309514102993543,2
0.0,0.0,0.0,0.0,0.0,7.309514102993543,2
0.0,0.0,0.0,0.0,0.0,7.309514102993543,2
0.0,0.0,0.0,0.0,0.0,7.309514102993543,2
0.0,0.0,0.0,0.0,0.0,7.309514102993543,2
0.0,0.0,0.0,0.0,0.0,7.309514102993543,2
0.0,0.0,0.0,0.0,0.0,7.309514102993543,2
0.0,0.0,0.0,0.0,0.0,7.309514102993543,2
0.0,0.0,0.0,0.0,0.0,7.309514102993543,2
0.0,0.0,0.0,0.0,0.0,7.309514102993543,2
0.0,0.0,0.0,0.0,0.0,7.309514102993543,2
0.0,0.0,0.0,0.0,0.0,7.309514102993543,2
0.0,0.0,0.0,0.0,0.0,7.309514102993543,2
0.0,0.0,0.0,0.0,0.0,7.309514102993543,2
0.0,0.0,0.0,0.0,0.0,7.309514102993543,2
0.0,0.0,0.0,0.0,0.0,7.309514102993543,2
0.0,0.0,0.0,0.0,0.0,7.309514102993543,2
0.0,0.0,0.0,0.0,0.0,7.309514102993543,2
0.0,0.0,0.0,0.0,0.0,7.309514102993543,2
0.0,0.0,0.0,0.0,0.0,7.309514102993543,2
0.0,0.0,0.0,0.0,0.0,7.309514102993543,2
0.0,0.0,0.0,0.0,0.0,7.309514102993543,2
0.0,0.0,0.0,0.0,0.0,7.309514102993543,2
0.0,0.0,0.0,0.0,0.0,7.309514102993543,2
0.0,0.0,0.0,0.0,0.0,7.309514102993543,2
0.0,0.0,0.0,0.0,0.0,7.309514102993543,2
0.0,0.0,0.0,0.0,0.0,7.309514102993543,2
0.0,0.0,0.0,0.0,0.0,7.309514102993543,2
0.0,0.0,0.0,0.0,0.0,7.309514102993543,2
0.0,0.0,0.0,0.0,0.0,7.309514102993543,2
0.0,0.0,0.0,0.0,0.0,7.309514102993543,2
0.0,0.0,0.0,0.0,0.0,7.309514102993543,2
0.0,0.0,0.0,0.0,0.0,7.309514102993543,2
0.0,0.0,0.0,0.0,0.0,7.309514102993543,2
0.0,0.0,0.0,0.0,0.0,7.309514102993543,2
0.0,0.0,0.0,0.0,0.0,7.309514102993543,2
0.0,0.0,0.0,0.0,0.0,7.309514102993543,2
0.0,0.0,0.0,0.0,0.0,7.309514102993543,2
0.0,0.0,0.0,0.0,0.0,7.309514102993543,2
0.0,0.0,0.0,0.0,0.0,7.309514102993543,2
0.0,0.0,0.0,0.0,0.0,7.309514102993543,2
0.0,0.0,0.0,0.0,0.0,7.309514102993543,2
0.0,0.0,0.0,0.0,0.0,7.309514102993543,2
0.0,0.0,0.0,0.0,0.0,7.309514102993543,2
0.0,0.0,0.0,0.0,0.0,7.309514102993543,2
0.0,0.0,0.0,0.0,0.0,7.309514102993543,2
0.0,0.0,0.0,0.0,0.0,7.309514102993543,2
0.0,0.0,0.0,0.0,0.0,7.309514102993543,2
0.0,0.0,0.0,0.0,0.0,7.309514102993543,2
0.0,0.0,0.0,0.0,0.0,7.309514102993543,2
0.0,0.0,0.0,0.0,0.0,7.309514102993543,2
0.0,0.0,0.0,0.0,0.0,7.309514102993543,2
0.0,0.0,0.0,0.0,0.0,7.309514102993543,2
0.0,0.0,0.0,0.0,0.0,7.309514102993543,2
0.0,0.0,0.0,0.0,0.0,7.309514102993543,2
0.0,0.0,0.0,0.0,0.0,7.309514102993543,2
0.0,0.0,0.0,0.0,0.0,7.309514102993543,2
0.0,0.0,0.0,0.0,0.0,7.309514102993543,2
0.0,0.0,0.0,0.0,0.0,7.309514102993543,2
0.0,0.0,0.0,0.0,0.0,7.309514102993543,2
0.0,0.0,0.0,0.0,0.0,7.309514102993543,2
0.0,0.0,0.0,0.0,0.0,7.309514102993543,2
0.0,0.0,0.0,0.0,0.0,7.309514102993543,2
0.0,0.0,0.0,0.0,0.0,7.309514102993543,2
0.0,0.0,0.0,0.0,0.0,7.309514102993543,2
0.0,0.0,0.0,0.0,0.0,7.309514102993543,2
0.0,0.0,0.0,0.0,0.0,7.309514102993543,2
0.0,0.0,0.0,0.0,0.0,7.309514102993543,2
0.0,0.0,0.0,0.0,0.0,7.309514102993543,2
0.0,0.0,0.0,0.0,0.0,7.309514102993543,2
0.0,0.0,0.0,0.0,0.0,7.309514102993543,2
0.0,0.0,0.0,0.0,0.0,7.309514102993543,2
0.0,0.0,0.0,0.0,0.0,7.309514102993543,2
0.0,0.0,0.0,0.0,0.0,7.309514102993543,2
0.0,0.0,0.0,0.0,0.0,7.309514102993543,2
0.0,0.0,0.0,0.0,0.0,7.309514102993543,2
0.0,0.0,0.0,0.0,0.0,7.309514102993543,2
0.0,0.0,0.0,0.0,0.0,7.309514102993543,2
0.0,0.0,0.0,0.0,0.0,7.309514102993543,2
0.0,0.0,0.0,0.0,0.0,7.309514102993543,2
0.0,0.0,0.0,0.0,0.0,7.309514102993543,2
0.0,0.0,0.0,0.0,0.0,7.309514102993543,2
0.0,0.0,0.0,0.0,0.0,7.309514102993543,2
0.0,0.0,0.0,0.0,0.0,7.309514102993543,2
0.0,0.0,0.0,0.0,0.0,7.309514102993543,2
0.0,0.0,0.0,0.0,0.0,7.309514102993543,2
0.0,0.0,0.0,0.0,0.0,7.309514102993543,2
0.0,0.0,0.0,0.0,0.0,7.309514102993543,2
0.0,0.0,0.0,0.0,0.0,7.309514102993543,2
0.0,0.0,0.0,0.0,0.0,7.309514102993543,2
0.0,0.0,0.0,0.0,0.0,7.309514102993543,2
0.0,0.0,0.0,0.0,0.0,7.309514102993543,2
0.0,0.0,0.0,0.0,0.0,7.309514102993543,2
0.0,0.0,0.0,0.0,0.0,7.309514102993543,2
0.0,0.0,0.0,0.0,0.0,7.309514102993543,2
0.0,0.0,0.0,0.0,0.0,7.309514102993543,2
0.0,0.0,0.0,0.0,0.0,7.309514102993543,2
0.0,0.0,0.0,0.0,0.0,7.309514102993543,2
0.0,0.0,0.0,0.0,0.0,7.309514102993543,2
0.0,0.0,0.0,0.0,0.0,7.309514102993543,2
0.0,0.0,0.0,0.0,0.0,7.309514102993543,2
0.0,0.0,0.0,0.0,0.0,7.309514102993543,2
0.0,0.0,0.0,0.0,0.0,7.309514102993543,2
0.0,0.0,0.0,0.0,0.0,7.309514102993543,2
0.0,0.0,0.0,0.0,0.0,7.309514102993543,2
0.0,0.0,0.0,0.0,0.0,7.309514102993543,2
0.0,0.0,0.0,0.0,0.0,7.309514102993543,2
0.0,0.0,0.0,0.0,0.0,7.309514102993543,2
0.0,0.0,0.0,0.0,0.0,7.309514102993543,2
0.0,0.0,0.0,0.0,0.0,7.309514102993543,2
0.0,0.0,0.0,0.0,0.0,7.309514102993543,2
0.0,0.0,0.0,0.0,0.0,7.309514102993543,2
0.0,0.0,0.0,0.0,0.0,7.309514102993543,2
0.0,0.0,0.0,0.0,0.0,7.309514102993543,2
0.0,0.0,0.0,0.0,0.0,7.309514102993543,2
0.0,0.0,0.0,0.0,0.0,7.309514102993543,2
0.0,0.0,0.0,0.0,0.0,7.309514102993543,2
0.0,0.0,0.0,0.0,0.0,7.309514102993543,2
0.0,0.0,0.0,0.0,0.0,7.309514102993543,2
0.0,0.0,0.0,0.0,0.0,7.309514102993543,2
0.0,0.0,0.0,0.0,0.0,7.309514102993543,2
0.0,0.0,0.0,0.0,0.0,7.309514102993543,2
0.0,0.0,0.0,0.0,0.0,7.309514102993543,2
0.0,0.0,0.0,0.0,0.0,7.309514102993543,2
0.0,0.0,0.0,0.0,0.0,7.309514102993543,2
0.0,0.0,0.0,0.0,0.0,7.309514102993543,2
0.0,0.0,0.0,0.0,0.0,7.309514102993543,2
0.0,0.0,0.0,0.0,0.0,7.309514102993543,2
0.0,0.0,0.0,0.0,0.0,7.309514102993543,2
0.0,0.0,0.0,0.0,0.0,7.309514102993543,2
0.0,0.0,0.0,0.0,0.0,7.309514102993543,2
0.0,0.0,0.0,0.0,0.0,7.309514102993543,2
0.0,0.0,0.0,0.0,0.0,7.309514102993543,2
0.0,0.0,0.0,0.0,0.0,7.309514102993543,2
0.0,0.0,0.0,0.0,0.0,7.309514102993543,2
0.0,0.0,0.0,0.0,0.0,7.309514102993543,2
0.0,0.0,0.0,0.0,0.0,7.309514102993543,2
0.0,0.0,0.0,0.0,0.0,7.309514102993543,2
0.0,0.0,0.0,0.0,0.0,7.309514102993543,2
0.0,0.0,0.0,0.0,0.0,7.309514102993543,2
0.0,0.0,0.0,0.0,0.0,7.309514102993543,2
0.0,0.0,0.0,0.0,0.0,7.309514102993543,2
0.0,0.0,0.0,0.0,0.0,7.309514102993543,2
0.0,0.0,0.0,0.0,0.0,7.309514102993543,2
0.0,0.0,0.0,0.0,0.0,7.309514102993543,2
0.0,0.0,0.0,0.0,0.0,7.309514102993543,2
0.0,0.0,0.0,0.0,0.0,7.309514102993543,2
0.0,0.0,0.0,0.0,0.0,7.309514102993543,2
0.0,0.0,0.0,0.0,0.0,7.309514102993543,2
0.0,0.0,0.0,0.0,0.0,7.309514102993543,2
0.0,0.0,0.0,0.0,0.0,7.309514102993543,2
0.0,0.0,0.0,0.0,0.0,7.309514102993543,2
0.0,0.0,0.0,0.0,0.0,7.309514102993543,2
0.0,0.0,0.0,0.0,0.0,7.309514102993543,2
0.0,0.0,0.0,0.0,0.0,7.309514102993543,2
0.0,0.0,0.0,0.0,0.0,7.309514102993543,2
0.0,0.0,0.0,0.0,0.0,7.309514102993543,2
0.0,0.0,0.0,0.0,0.0,7.309514102993543,2
0.0,0.0,0.0,0.0,0.0,7.309514102993543,2
0.0,0.0,0.0,0.0,0.0,7.309514102993543,2
0.0,0.0,0.0,0.0,0.0,7.309514102993543,2
0.0,0.0,0.0,0.0,0.0,7.309514102993543,2
0.0,0.0,0.0,0.0,0.0,7.309514102993543,2
0.0,0.0,0.0,0.0,0.0,7.309514102993543,2
0.0,0.0,0.0,0.0,0.0,7.309514102993543,2
0.0,0.0,0.0,0.0,0.0,7.309514102993543,2
0.0,0.0,0.0,0.0,0.0,7.309514102993543,2
0.0,0.0,0.0,0.0,0.0,7.309514102993543,2
0.0,0.0,0.0,0.0,0.0,7.309514102993543,2
0.0,0.0,0.0,0.0,0.0,7.309514102993543,2
0.0,0.0,0.0,0.0,0.0,7.309514102993543,2
0.0,0.0,0.0,0.0,0.0,7.309514102993543,2
0.0,0.0,0.0,0.0,0.0,7.309514102993543,2
0.0,0.0,0.0,0.0,0.0,7.309514102993543,2
0.0,0.0,0.0,0.0,0.0,7.309514102993543,2
0.0,0.0,0.0,0.0,0.0,7.309514102993543,2
0.0,0.0,0.0,0.0,0.0,7.309514102993543,2
0.0,0.0,0.0,0.0,0.0,7.309514102993543,2
0.0,0.0,0.0,0.0,0.0,7.309514102993543,2
0.0,0.0,0.0,0.0,0.0,7.309514102993543,2
0.0,0.0,0.0,0.0,0.0,7.309514102993543,2
0.0,0.0,0.0,0.0,0.0,7.309514102993543,2
0.0,0.0,0.0,0.0,0.0,7.309514102993543,2
0.0,0.0,0.0,0.0,0.0,7.309514102993543,2
0.0,0.0,0.0,0.0,0.0,7.309514102993543,2
0.0,0.0,0.0,0.0,0.0,7.309514102993543,2
0.0,0.0,0.0,0.0,0.0,7.309514102993543,2
0.0,0.0,0.0,0.0,0.0,7.309514102993543,2
0.0,0.0,0.0,0.0,0.0,7.309514102993543,2
0.0,0.0,0.0,0.0,0.0,7.309514102993543,2
0.0,0.0,0.0,0.0,0.0,7.309514102993543,2
0.0,0.0,0.0,0.0,0.0,7.309514102993543,2
0.0,0.0,0.0,0.0,0.0,7.309514102993543,2
0.0,0.0,0.0,0.0,0.0,7.309514102993543,2
0.0,0.0,0.0,0.0,0.0,7.309514102993543,2
0.0,0.0,0.0,0.0,0.0,7.309514102993543,2
0.0,0.0,0.0,0.0,0.0,7.309514102993543,2
0.0,0.0,0.0,0.0,0.0,7.309514102993543,2
0.0,0.0,0.0,0.0,0.0,7.309514102993543,2
0.0,0.0,0.0,0.0,0.0,7.309514102993543,2
0.0,0.0,0.0,0.0,0.0,7.309514102993543,2
0.0,0.0,0.0,0.0,0.0,7.309514102993543,2
0.0,0.0,0.0,0.0,0.0,7.309514102993543,2
0.0,0.0,0.0,0.0,0.0,7.309514102993543,2
0.0,0.0,0.0,0.0,0.0,7.309514102993543,2
0.0,0.0,0.0,0.0,0.0,7.309514102993543,2
0.0,0.0,0.0,0.0,0.0,7.309514102993543,2
0.0,0.0,0.0,0.0,0.0,7.309514102993543,2
0.0,0.0,0.0,0.0,0.0,7.309514102993543,2
0.0,0.0,0.0,0.0,0.0,7.309514102993543,2
0.0,0.0,0.0,0.0,0.0,7.309514102993543,2
0.0,0.0,0.0,0.0,0.0,7.309514102993543,2
0.0,0.0,0.0,0.0,0.0,7.309514102993543,2
0.0,0.0,0.0,0.0,0.0,7.309514102993543,2
0.0,0.0,0.0,0.0,0.0,7.309514102993543,2
0.0,0.0,0.0,0.0,0.0,7.309514102993543,2
0.0,0.0,0.0,0.0,0.0,7.309514102993543,2
0.0,0.0,0.0,0.0,0.0,7.309514102993543,2
0.0,0.0,0.0,0.0,0.0,7.309514102993543,2
0.0,0.0,0.0,0.0,0.0,7.309514102993543,2
0.0,0.0,0.0,0.0,0.0,7.309514102993543,2
0.0,0.0,0.0,0.0,0.0,7.309514102993543,2
0.0,0.0,0.0,0.0,0.0,7.309514102993543,2
0.0,0.0,0.0,0.0,0.0,7.309514102993543,2
0.0,0.0,0.0,0.0,0.0,7.309514102993543,2
0.0,0.0,0.0,0.0,0.0,7.309514102993543,2
0.0,0.0,0.0,0.0,0.0,7.309514102993543,2
0.0,0.0,0.0,0.0,0.0,7.309514102993543,2
0.0,0.0,0.0,0.0,0.0,7.309514102993543,2
0.0,0.0,0.0,0.0,0.0,7.309514102993543,2
0.0,0.0,0.0,0.0,0.0,7.309514102993543,2
0.0,0.0,0.0,0.0,0.0,7.309514102993543,2
0.0,0.0,0.0,0.0,0.0,7.309514102993543,2
0.0,0.0,0.0,0.0,0.0,7.309514102993543,2
0.0,0.0,0.0,0.0,0.0,7.309514102993543,2
0.0,0.0,0.0,0.0,0.0,7.309514102993543,2
0.0,0.0,0.0,0.0,0.0,7.309514102993543,2
0.0,0.0,0.0,0.0,0.0,7.309514102993543,2
0.0,0.0,0.0,0.0,0.0,7.309514102993543,2
0.0,0.0,0.0,0.0,0.0,7.309514102993543,2
0.0,0.0,0.0,0.0,0.0,7.309514102993543,2
0.0,0.0,0.0,0.0,0.0,7.309514102993543,2
0.0,0.0,0.0,0.0,0.0,7.309514102993543,2
0.0,0.0,0.0,0.0,0.0,7.309514102993543,2
0.0,0.0,0.0,0.0,0.0,7.309514102993543,2
0.0,0.0,0.0,0.0,0.0,7.309514102993543,2
0.0,0.0,0.0,0.0,0.0,7.309514102993543,2
0.0,0.0,0.0,0.0,0.0,7.309514102993543,2
0.0,0.0,0.0,0.0,0.0,7.309514102993543,2
0.0,0.0,0.0,0.0,0.0,7.309514102993543,2
0.0,0.0,0.0,0.0,0.0,7.309514102993543,2
0.0,0.0,0.0,0.0,0.0,7.309514102993543,2
0.0,0.0,0.0,0.0,0.0,7.309514102993543,2
0.0,0.0,0.0,0.0,0.0,7.309514102993543,2
0.0,0.0,0.0,0.0,0.0,7.309514102993543,2
0.0,0.0,0.0,0.0,0.0,7.309514102993543,2
0.0,0.0,0.0,0.0,0.0,7.309514102993543,2
0.0,0.0,0.0,0.0,0.0,7.309514102993543,2
0.0,0.0,0.0,0.0,0.0,7.309514102993543,2
0.0,0.0,0.0,0.0,0.0,7.309514102993543,2
0.0,0.0,0.0,0.0,0.0,7.309514102993543,2
0.0,0.0,0.0,0.0,0.0,7.309514102993543,2
0.0,0.0,0.0,0.0,0.0,7.309514102993543,2
0.0,0.0,0.0,0.0,0.0,7.309514102993543,2
0.0,0.0,0.0,0.0,0.0,7.309514102993543,2
0.0,0.0,0.0,0.0,0.0,7.309514102993543,2
