Tempo_Segundos,Vazao_Bytes_sec,Densidade_Pkts_sec,Jitter,Tempo_Ocioso,Tempo_Ativo,Tamanho_Medio_Pkt
0,2376,17,0.087409,0.8913,0.1087,139.76
1,2139,13,0.073426,0.7423,0.2577,164.54
2,773,6,0.220201,0.7533,0.2467,128.83
3,8317,31,0.049196,0.761,0.239,268.29
4,1973,17,0.065613,0.7356,0.2644,116.06
5,3154,16,0.079605,0.4629,0.5371,197.12
6,7728,34,0.035111,0.7085,0.2915,227.29
7,13994,35,0.050627,0.628,0.372,399.83
8,4212,21,0.075472,0.7843,0.2157,200.57
9,2303,15,0.065805,0.6407,0.3593,153.53
10,132950,263,0.014552,0.2645,0.7355,505.51
11,15960,43,0.067529,0.7984,0.2016,371.16
12,3467,25,0.047543,0.8353,0.1647,138.68
13,4113,20,0.076281,0.7558,0.2442,205.65
14,685830,724,0.008709,0.3765,0.6235,947.28
15,1560367,1661,0.001991,0.0,1.0,939.41
16,2153156,1893,0.005577,0.4803,0.5197,1137.43
17,2365120,2353,0.001989,0.0,1.0,1005.15
18,689916,796,0.004782,0.0732,0.9268,866.73
19,75368,168,0.011316,0.1913,0.8087,448.62
20,2673043,2440,0.00243,0.0,1.0,1095.51
21,1790219,1749,0.002639,0.0,1.0,1023.57
22,9669,34,0.04244,0.5431,0.4569,284.38
23,7808,37,0.049394,0.6783,0.3217,211.03
24,7647,27,0.049835,0.7352,0.2648,283.22
25,8543631,7406,0.002036,0.3442,0.6558,1153.61
26,2338,14,0.073861,0.6709,0.3291,167.0
27,857170,786,0.008332,0.4419,0.5581,1090.55
28,8098,27,0.056408,0.7267,0.2733,299.93
29,1542,13,0.068908,0.9191,0.0809,118.62
30,948983,849,0.01289,0.6648,0.3352,1117.77
31,6274,24,0.063908,0.6223,0.3777,261.42
32,7751,24,0.09326,0.7826,0.2174,322.96
33,3858,19,0.051948,0.9645,0.0355,203.05
34,393624,367,0.013842,0.7379,0.2621,1072.54
35,1612,8,0.070289,0.3669,0.6331,201.5
36,11182,36,0.053615,0.7558,0.2442,310.61
37,2672,19,0.047111,0.7308,0.2692,140.63
38,1478,13,0.05888,0.8943,0.1057,113.69
39,2169,12,0.131531,0.8252,0.1748,180.75
40,7936,34,0.040305,0.6637,0.3363,233.41
41,2250,13,0.06767,0.8072,0.1928,173.08
42,1542,13,0.079298,0.9203,0.0797,118.62
43,3183,13,0.096322,0.8589,0.1411,244.85
44,5459,39,0.036377,0.5845,0.4155,139.97
45,6337,16,0.154428,0.7956,0.2044,396.06
46,18976,53,0.023094,0.2547,0.7453,358.04
47,2292,21,0.047582,0.6152,0.3848,109.14
48,2023,12,0.046177,0.3738,0.6262,168.58
49,19584,42,0.015605,0.1176,0.8824,466.29
50,1452,13,0.10026,0.8513,0.1487,111.69
51,10908,36,0.018284,0.1821,0.8179,303.0
52,2105,12,0.062922,0.6029,0.3971,175.42
53,1690,14,0.058441,0.5886,0.4114,120.71
54,1761,9,0.129666,0.4567,0.5433,195.67
55,8906,37,0.039581,0.6709,0.3291,240.7
56,80947,117,0.031592,0.7426,0.2574,691.85
57,142469,260,0.012434,0.3056,0.6944,547.96
58,25873,48,0.033645,0.4591,0.5409,539.02
59,857,6,0.182161,0.8155,0.1845,142.83
60,9745,33,0.050653,0.8931,0.1069,295.3
61,3744,30,0.067873,0.6768,0.3232,124.8
62,2904818,2602,0.001847,0.085,0.915,1116.38
63,2205,18,0.090229,0.7934,0.2066,122.5
64,6402,16,0.183891,0.8562,0.1438,400.12
65,1674,13,0.084511,0.8318,0.1682,128.77
66,4146660,3653,0.002585,0.2533,0.7467,1135.14
67,1170948,1043,0.014222,0.6482,0.3518,1122.67
68,8424,35,0.045935,0.7863,0.2137,240.69
69,2114,17,0.052486,0.8541,0.1459,124.35
70,2583,17,0.056378,0.7608,0.2392,151.94
71,1455,13,0.079789,0.8809,0.1191,111.92
72,6841,24,0.064082,0.6399,0.3601,285.04
73,1709254,1500,0.007557,0.6607,0.3393,1139.5
74,3324990,2932,0.003559,0.3706,0.6294,1134.03
75,1612,8,0.06379,0.346,0.654,201.5
76,2525,14,0.126214,0.9141,0.0859,180.36
77,8029,31,0.092879,0.5876,0.4124,259.0
78,5267273,4630,0.000997,0.062,0.938,1137.64
79,23383,102,0.025087,0.5381,0.4619,229.25
80,26003,67,0.048301,0.6471,0.3529,388.1
81,8903,36,0.029907,0.4187,0.5813,247.31
82,2513,16,0.052474,0.8531,0.1469,157.06
83,4470,42,0.034168,0.6413,0.3587,106.43
84,1761,9,0.102406,0.5848,0.4152,195.67
85,8122,40,0.04943,0.7573,0.2427,203.05
86,6588,22,0.064709,0.7534,0.2466,299.45
87,3727,34,0.052157,0.7392,0.2608,109.62
88,2999,14,0.090139,0.8433,0.1567,214.21
89,3289980,2841,0.005961,0.6923,0.3077,1158.04
90,3309464,2861,0.00673,0.608,0.392,1156.75
91,2291,19,0.052796,0.7322,0.2678,120.58
92,2409,15,0.098106,0.8283,0.1717,160.6
93,1452,13,0.149994,0.8649,0.1351,111.69
94,9019,35,0.041185,0.632,0.368,257.69
95,1778,15,0.077711,0.8729,0.1271,118.53
96,2192,14,0.092453,0.8291,0.1709,156.57
97,92005,150,0.016903,0.4313,0.5687,613.37
98,15212,37,0.031974,0.758,0.242,411.14
99,6587,28,0.038456,0.7215,0.2785,235.25
100,2219,14,0.083641,0.6581,0.3419,158.5
101,68916,147,0.01588,0.4146,0.5854,468.82
102,35491,111,0.024397,0.4121,0.5879,319.74
103,1772,15,0.086773,0.6804,0.3196,118.13
104,2073,12,0.11722,0.7379,0.2621,172.75
105,857,6,0.240291,0.8806,0.1194,142.83
106,7616,25,0.047027,0.6595,0.3405,304.64
107,2512,14,0.074219,0.8439,0.1561,179.43
108,1715,15,0.076293,0.8766,0.1234,114.33
109,7586,26,0.081218,0.7307,0.2693,291.77
110,11474,29,0.072361,0.6316,0.3684,395.66
111,13861,42,0.039877,0.6623,0.3377,330.02
112,1983,11,0.103635,0.873,0.127,180.27
113,1683,14,0.085062,0.7387,0.2613,120.21
114,911,7,0.074307,0.3096,0.6904,130.14
115,1762,9,0.051899,0.3048,0.6952,195.78
116,7991,37,0.033146,0.5698,0.4302,215.97
117,2370,15,0.048201,0.7092,0.2908,158.0
118,1542,13,0.054589,0.6184,0.3816,118.62
119,2454,17,0.086008,0.7657,0.2343,144.35
120,6807,24,0.067697,0.7453,0.2547,283.62
121,2800,16,0.061703,0.7141,0.2859,175.0
122,1608,14,0.061474,0.9207,0.0793,114.86
123,2045,11,0.096993,0.6408,0.3592,185.91
124,3835,24,0.081244,0.8223,0.1777,159.79
125,6750,18,0.06573,0.8422,0.1578,375.0
126,1692,14,0.062347,0.8998,0.1002,120.86
127,4069,21,0.06081,0.753,0.247,193.76
128,7068,28,0.046117,0.5767,0.4233,252.43
129,4358,23,0.072309,0.6212,0.3788,189.48
130,1533,13,0.106188,0.8465,0.1535,117.92
131,2379,16,0.073071,0.6359,0.3641,148.69
132,7850,39,0.053188,0.7815,0.2185,201.28
133,2542,16,0.052843,0.7976,0.2024,158.88
134,1982,17,0.048196,0.738,0.262,116.59
135,1120,10,0.137424,0.9294,0.0706,112.0
136,1762,9,0.263458,0.8711,0.1289,195.78
137,19666,47,0.043204,0.7848,0.2152,418.43
138,5490,27,0.047539,0.6243,0.3757,203.33
139,2019,18,0.055135,0.6822,0.3178,112.17
140,1976,10,0.081904,0.649,0.351,197.6
141,8525,31,0.047979,0.7384,0.2616,275.0
142,13779,32,0.065511,0.8927,0.1073,430.59
143,5080,24,0.078502,0.788,0.212,211.67
144,20992,54,0.051999,0.6524,0.3476,388.74
145,6594,23,0.040237,0.461,0.539,286.7
146,2353,15,0.063534,0.726,0.274,156.87
147,2881,18,0.06232,0.8348,0.1652,160.06
148,2020,13,0.091775,0.8291,0.1709,155.38
149,1072,8,0.131259,0.8521,0.1479,134.0
150,7136,29,0.036139,0.392,0.608,246.07
151,2420,15,0.051529,0.699,0.301,161.33
152,2138,16,0.057049,0.7878,0.2122,133.62
153,3688,21,0.099874,0.7608,0.2392,175.62
154,7195,29,0.03951,0.5215,0.4785,248.1
155,17518,40,0.037937,0.6612,0.3388,437.95
156,1383,12,0.095411,0.779,0.221,115.25
157,2073,12,0.095778,0.6752,0.3248,172.75
158,2295,18,0.106954,0.8653,0.1347,127.5
159,6964,20,0.062638,0.8207,0.1793,348.2
160,1656,16,0.056978,0.9193,0.0807,103.5
161,16918,39,0.057537,0.699,0.301,433.79
162,4300,31,0.043528,0.6424,0.3576,138.71
163,5376,12,0.128079,0.6033,0.3967,448.0
164,2106,12,0.051041,0.885,0.115,175.5
165,16321,40,0.028835,0.4811,0.5189,408.02
166,3371,22,0.040545,0.4916,0.5084,153.23
167,4623,22,0.05123,0.5333,0.4667,210.14
168,8992,31,0.031005,0.5587,0.4413,290.06
169,1889,10,0.048792,0.4193,0.5807,188.9
170,1703,16,0.04436,0.5583,0.4417,106.44
171,1381,11,0.040887,0.758,0.242,125.55
172,2059,13,0.095834,0.7546,0.2454,158.38
173,613,4,0.208082,0.5529,0.4471,153.25
174,6461,20,0.047095,0.6862,0.3138,323.05
175,1597,9,0.239479,0.879,0.121,177.44
176,1801,15,0.055584,0.7659,0.2341,120.07
177,9943,46,0.023694,0.3733,0.6267,216.15
178,1062,8,0.092597,0.589,0.411,132.75
179,1886,11,0.160539,0.7721,0.2279,171.45
180,1187,11,0.103076,0.7365,0.2635,107.91
181,1449,15,0.029599,0.2155,0.7845,96.6
182,27681,48,0.026292,0.5166,0.4834,576.69
183,3625,26,0.045289,0.6411,0.3589,139.42
184,1347,11,0.06863,0.7662,0.2338,122.45
185,3795,17,0.042218,0.7041,0.2959,223.24
186,1774,9,0.191465,0.7539,0.2461,197.11
187,2945,23,0.03676,0.6627,0.3373,128.04
188,532011,498,0.007316,0.285,0.715,1068.3
189,8854246,7608,0.000921,0.0506,0.9494,1163.81
190,2527,17,0.068075,0.7568,0.2432,148.65
191,1410,14,0.08793,0.6788,0.3212,100.71
192,7723,28,0.036483,0.6439,0.3561,275.82
193,1193,9,0.044261,0.5993,0.4007,132.56
194,1575,13,0.056692,0.6815,0.3185,121.15
195,2376,16,0.066883,0.8124,0.1876,148.5
303,534,3,0.03489,0.0927,0.9073,178.0
304,1409,12,0.145693,0.6721,0.3279,117.42
305,2164,11,0.11155,0.6425,0.3575,196.73
306,4837,29,0.029671,0.6156,0.3844,166.79
307,10292,60,0.020427,0.4053,0.5947,171.53
308,3680,25,0.052209,0.5876,0.4124,147.2
309,2226,15,0.047648,0.5683,0.4317,148.4
310,10826,25,0.051499,0.7353,0.2647,433.04
311,27912,65,0.019341,0.3354,0.6646,429.42
312,14424,38,0.035803,0.5938,0.4062,379.58
313,3090,23,0.081308,0.7967,0.2033,134.35
314,1210,10,0.186445,0.7581,0.2419,121.0
315,1010,9,0.162778,0.7555,0.2445,112.22
316,1302,12,0.075109,0.4975,0.5025,108.5
317,600,4,0.083548,0.3532,0.6468,150.0
318,973,10,0.066516,0.6556,0.3444,97.3
319,14816,31,0.0252,0.2437,0.7563,477.94
320,670,5,0.039872,0.3374,0.6626,134.0
321,3504,19,0.089229,0.6463,0.3537,184.42
322,10618,28,0.042526,0.5102,0.4898,379.21
323,450,3,0.017264,0.0649,0.9351,150.0
324,10071,24,0.078908,0.6675,0.3325,419.62
325,869,7,0.179132,0.6879,0.3121,124.14
326,6309,29,0.078416,0.6387,0.3613,217.55
327,23362,43,0.029002,0.5687,0.4313,543.3
328,2278,10,0.124636,0.7755,0.2245,227.8
329,112268,161,0.012992,0.3348,0.6652,697.32
330,152772,224,0.00442,0.0,1.0,682.02
331,78542,117,0.012297,0.164,0.836,671.3
332,51200,100,0.013985,0.1886,0.8114,512.0
333,359271,383,0.004741,0.0505,0.9495,938.04
334,7615525,6296,0.000622,0.0,1.0,1209.58
335,11020440,9613,0.00089,0.0568,0.9432,1146.41
336,37219,264,0.005714,0.1105,0.8895,140.98
